CREATE DATABASE  IF NOT EXISTS `test` /*!40100 DEFAULT CHARACTER SET utf8 */;
USE `test`;
-- MySQL dump 10.13  Distrib 5.6.10, for Win64 (x86_64)
--
-- Host: 127.0.0.1    Database: test
-- ------------------------------------------------------
-- Server version	5.6.10

/*!40101 SET @OLD_CHARACTER_SET_CLIENT=@@CHARACTER_SET_CLIENT */;
/*!40101 SET @OLD_CHARACTER_SET_RESULTS=@@CHARACTER_SET_RESULTS */;
/*!40101 SET @OLD_COLLATION_CONNECTION=@@COLLATION_CONNECTION */;
/*!40101 SET NAMES utf8 */;
/*!40103 SET @OLD_TIME_ZONE=@@TIME_ZONE */;
/*!40103 SET TIME_ZONE='+00:00' */;
/*!40014 SET @OLD_UNIQUE_CHECKS=@@UNIQUE_CHECKS, UNIQUE_CHECKS=0 */;
/*!40014 SET @OLD_FOREIGN_KEY_CHECKS=@@FOREIGN_KEY_CHECKS, FOREIGN_KEY_CHECKS=0 */;
/*!40101 SET @OLD_SQL_MODE=@@SQL_MODE, SQL_MODE='NO_AUTO_VALUE_ON_ZERO' */;
/*!40111 SET @OLD_SQL_NOTES=@@SQL_NOTES, SQL_NOTES=0 */;

--
-- Table structure for table `ciudad`
--

DROP TABLE IF EXISTS `ciudad`;
/*!40101 SET @saved_cs_client     = @@character_set_client */;
/*!40101 SET character_set_client = utf8 */;
CREATE TABLE `ciudad` (
  `idciudad` int(11) NOT NULL,
  `nombre` varchar(245) NOT NULL,
  `iddepto` int(11) NOT NULL,
  PRIMARY KEY (`idciudad`),
  KEY `fk_ciudad_departamento_idx` (`iddepto`),
  CONSTRAINT `fk_ciudad_departamento` FOREIGN KEY (`iddepto`) REFERENCES `departamento` (`iddepto`) ON DELETE NO ACTION ON UPDATE NO ACTION
) ENGINE=InnoDB DEFAULT CHARSET=utf8;
/*!40101 SET character_set_client = @saved_cs_client */;

--
-- Dumping data for table `ciudad`
--

LOCK TABLES `ciudad` WRITE;
/*!40000 ALTER TABLE `ciudad` DISABLE KEYS */;
INSERT INTO `ciudad` VALUES (5001,'MEDELLIN',5),(5002,'ABEJORRAL',5),(5004,'ABRIAQUI',5),(5021,'ALEJANDRIA',5),(5030,'AMAGA',5),(5031,'AMALFI',5),(5034,'ANDES',5),(5036,'ANGELOPOLIS',5),(5038,'ANGOSTURA',5),(5040,'ANORI',5),(5042,'ANTIOQUIA',5),(5044,'ANZA',5),(5045,'APARTADO',5),(5051,'ARBOLETES',5),(5055,'ARGELIA',5),(5059,'ARMENIA',5),(5079,'BARBOSA',5),(5086,'BELMIRA',5),(5088,'BELLO',5),(5091,'BETANIA',5),(5093,'BETULIA',5),(5101,'BOLIVAR',5),(5107,'BRICEÑO',5),(5113,'BURITICA',5),(5120,'CACERES',5),(5125,'CAICEDO',5),(5129,'CALDAS',5),(5134,'CAMPAMENTO',5),(5138,'CAÑASGORDAS',5),(5142,'CARACOLI',5),(5145,'CARAMANTA',5),(5147,'CAREPA',5),(5148,'CARMEN DE VIBORAL',5),(5150,'CAROLINA',5),(5154,'CAUCASIA',5),(5172,'CHIGORODO',5),(5190,'CISNEROS',5),(5197,'COCORNA',5),(5206,'CONCEPCION',5),(5209,'CONCORDIA',5),(5212,'COPACABANA',5),(5234,'DABEIBA',5),(5237,'DON MATIAS',5),(5240,'EBEJICO',5),(5250,'EL BAGRE',5),(5264,'ENTRERRIOS',5),(5266,'ENVIGADO',5),(5282,'FREDONIA',5),(5284,'FRONTINO',5),(5306,'GIRALDO',5),(5308,'GIRARDOTA',5),(5310,'GOMEZ PLATA',5),(5313,'GRANADA',5),(5315,'GUADALUPE',5),(5318,'GUARNE',5),(5321,'GUATAPE',5),(5347,'HELICONIA',5),(5353,'HISPANIA',5),(5360,'ITAGUI',5),(5361,'ITUANGO',5),(5364,'JARDIN',5),(5368,'JERICO',5),(5376,'LA CEJA',5),(5380,'LA ESTRELLA',5),(5390,'LA PINTADA',5),(5400,'LA UNION',5),(5411,'LIBORINA',5),(5425,'MACEO',5),(5440,'MARINILLA',5),(5467,'MONTEBELLO',5),(5475,'MURINDO',5),(5480,'MUTATA',5),(5483,'NARIÑO',5),(5490,'NECOCLI',5),(5495,'NECHI',5),(5501,'OLAYA',5),(5520,'SANTAFE DE ANTIOQUIA',5),(5541,'PEÑOL',5),(5543,'PEQUE',5),(5576,'PUEBLORRICO',5),(5579,'PUERTO BERRIO',5),(5585,'PUERTO NARE (LA MAGDALENA)',5),(5591,'PUERTO TRIUNFO',5),(5604,'REMEDIOS',5),(5607,'RETIRO',5),(5615,'RIONEGRO',5),(5628,'SABANALARGA',5),(5631,'SABANETA',5),(5642,'SALGAR',5),(5647,'SAN ANDRES',5),(5649,'SAN CARLOS',5),(5652,'SAN FRANCISCO',5),(5656,'SAN JERONIMO',5),(5658,'SAN JOSE DE LA MONTAÑA',5),(5659,'SAN JUAN DE URABA',5),(5660,'SAN LUIS',5),(5664,'SAN PEDRO',5),(5665,'SAN PEDRO DE URABA',5),(5667,'SAN RAFAEL',5),(5670,'SAN ROQUE',5),(5674,'SAN VICENTE',5),(5679,'SANTA BARBARA',5),(5686,'SANTA ROSA DE OSOS',5),(5690,'SANTO DOMINGO',5),(5697,'SANTUARIO',5),(5736,'SEGOVIA',5),(5756,'SONSON',5),(5761,'SOPETRAN',5),(5789,'TAMESIS',5),(5790,'TARAZA',5),(5792,'TARSO',5),(5809,'TITIRIBI',5),(5819,'TOLEDO',5),(5837,'TURBO',5),(5842,'URAMITA',5),(5847,'URRAO',5),(5854,'VALDIVIA',5),(5856,'VALPARAISO',5),(5858,'VEGACHI',5),(5861,'VENECIA',5),(5873,'VIGIA DEL FUERTE',5),(5885,'YALI',5),(5887,'YARUMAL',5),(5890,'YOLOMBO',5),(5893,'YONDO (CASABE)',5),(5895,'ZARAGOZA',5),(8001,'BARRANQUILLA',8),(8078,'BARANOA',8),(8137,'CAMPO DE LA CRUZ',8),(8141,'CANDELARIA',8),(8296,'GALAPA',8),(8372,'JUAN DE ACOSTA',8),(8421,'LURUACO',8),(8433,'MALAMBO',8),(8436,'MANATI',8),(8520,'PALMAR DE VARELA',8),(8549,'PIOJO',8),(8558,'POLONUEVO',8),(8560,'PONEDERA',8),(8573,'PUERTO COLOMBIA',8),(8606,'REPELON',8),(8634,'SABANAGRANDE',8),(8638,'SABANALARGA',8),(8675,'SANTA LUCIA',8),(8685,'SANTO TOMAS',8),(8758,'SOLEDAD',8),(8770,'SUAN',8),(8832,'TUBARA',8),(8849,'USIACURI',8),(9000,'SIN MUNICIPIO',9),(11001,'BOGOTA D.C.',11),(13001,'CARTAGENA',13),(13006,'ACHI',13),(13030,'ALTOS DEL ROSARIO',13),(13042,'ARENAL',13),(13052,'ARJONA',13),(13062,'ARROYOHONDO',13),(13074,'BARRANCO DE LOBA',13),(13140,'CALAMAR',13),(13160,'CANTAGALLO',13),(13188,'CICUCO',13),(13212,'CORDOBA',13),(13222,'CLEMENCIA',13),(13244,'EL CARMEN DE BOLIVAR',13),(13248,'EL GUAMO',13),(13268,'EL PEÑON',13),(13300,'HATILLO DE LOBA',13),(13430,'MAGANGUE',13),(13433,'MAHATES',13),(13440,'MARGARITA',13),(13442,'MARIA LA BAJA',13),(13458,'MONTECRISTO',13),(13468,'MOMPOS',13),(13473,'MORALES',13),(13549,'PINILLOS',13),(13580,'REGIDOR',13),(13600,'RIO VIEJO',13),(13620,'SAN CRISTOBAL',13),(13647,'SAN ESTANISLAO',13),(13650,'SAN FERNANDO',13),(13654,'SAN JACINTO',13),(13655,'SAN JACINTO DEL CAUCA',13),(13657,'SAN JUAN NEPOMUCENO',13),(13667,'SAN MARTIN DE LOBA',13),(13670,'SAN PABLO',13),(13673,'SANTA CATALINA',13),(13683,'SANTA ROSA',13),(13688,'SANTA ROSA DEL SUR',13),(13744,'SIMITI',13),(13760,'SOPLAVIENTO',13),(13780,'TALAIGUA NUEVO',13),(13810,'TIQUISIO (PUERTO RICO)',13),(13836,'TURBACO',13),(13838,'TURBANA',13),(13873,'VILLANUEVA',13),(13894,'ZAMBRANO',13),(15001,'TUNJA',15),(15022,'ALMEIDA',15),(15047,'AQUITANIA',15),(15051,'ARCABUCO',15),(15087,'BELEN',15),(15090,'BERBEO',15),(15092,'BETEITIVA',15),(15097,'BOAVITA',15),(15104,'BOYACA',15),(15106,'BRICEÑO',15),(15109,'BUENAVISTA',15),(15114,'BUSBANZA',15),(15131,'CALDAS',15),(15135,'CAMPOHERMOSO',15),(15162,'CERINZA',15),(15172,'CHINAVITA',15),(15176,'CHIQUINQUIRA',15),(15180,'CHISCAS',15),(15183,'CHITA',15),(15185,'CHITARAQUE',15),(15187,'CHIVATA',15),(15189,'CIENEGA',15),(15204,'COMBITA',15),(15212,'COPER',15),(15215,'CORRALES',15),(15218,'COVARACHIA',15),(15223,'CUBARA',15),(15224,'CUCAITA',15),(15226,'CUITIVA',15),(15232,'CHIQUIZA',15),(15236,'CHIVOR',15),(15238,'DUITAMA',15),(15244,'EL COCUY',15),(15248,'EL ESPINO',15),(15272,'FIRAVITOBA',15),(15276,'FLORESTA',15),(15293,'GACHANTIVA',15),(15296,'GAMEZA',15),(15299,'GARAGOA',15),(15317,'GUACAMAYAS',15),(15322,'GUATEQUE',15),(15325,'GUAYATA',15),(15332,'GUICAN',15),(15362,'IZA',15),(15367,'JENESANO',15),(15368,'JERICO',15),(15377,'LABRANZAGRANDE',15),(15380,'LA CAPILLA',15),(15401,'LA VICTORIA',15),(15403,'LA UVITA',15),(15407,'VILLA DE LEYVA',15),(15425,'MACANAL',15),(15442,'MARIPI',15),(15455,'MIRAFLORES',15),(15464,'MONGUA',15),(15466,'MONGUI',15),(15469,'MONIQUIRA',15),(15476,'MOTAVITA',15),(15480,'MUZO',15),(15491,'NOBSA',15),(15494,'NUEVO COLON',15),(15500,'OICATA',15),(15507,'OTANCHE',15),(15511,'PACHAVITA',15),(15514,'PAEZ',15),(15516,'PAIPA',15),(15518,'PAJARITO',15),(15522,'PANQUEBA',15),(15531,'PAUNA',15),(15533,'PAYA',15),(15537,'PAZ DE RIO',15),(15542,'PESCA',15),(15550,'PISVA',15),(15572,'PUERTO BOYACA',15),(15580,'QUIPAMA',15),(15599,'RAMIRIQUI',15),(15600,'RAQUIRA',15),(15621,'RONDON',15),(15632,'SABOYA',15),(15638,'SACHICA',15),(15646,'SAMACA',15),(15660,'SAN EDUARDO',15),(15664,'SAN JOSE DE PARE',15),(15667,'SAN LUIS DE GACENO',15),(15673,'SAN MATEO',15),(15676,'SAN MIGUEL DE SEMA',15),(15681,'SAN PABLO DE BORBUR',15),(15686,'SANTANA',15),(15690,'SANTA MARIA',15),(15693,'SANTA ROSA DE VITERBO',15),(15696,'SANTA SOFIA',15),(15720,'SATIVANORTE',15),(15723,'SATIVASUR',15),(15740,'SIACHOQUE',15),(15753,'SOATA',15),(15755,'SOCOTA',15),(15757,'SOCHA',15),(15759,'SOGAMOSO',15),(15761,'SOMONDOCO',15),(15762,'SORA',15),(15763,'SOTAQUIRA',15),(15764,'SORACA',15),(15774,'SUSACON',15),(15776,'SUTAMARCHAN',15),(15778,'SUTATENZA',15),(15790,'TASCO',15),(15798,'TENZA',15),(15804,'TIBANA',15),(15806,'TIBASOSA',15),(15808,'TINJACA',15),(15810,'TIPACOQUE',15),(15814,'TOCA',15),(15816,'TOGUI',15),(15820,'TOPAGA',15),(15822,'TOTA',15),(15832,'TUNUNGUA',15),(15835,'TURMEQUE',15),(15837,'TUTA',15),(15839,'TUTASA',15),(15842,'UMBITA',15),(15861,'VENTAQUEMADA',15),(15879,'VIRACACHA',15),(15897,'ZETAQUIRA',15),(17001,'MANIZALES',17),(17013,'AGUADAS',17),(17042,'ANSERMA',17),(17050,'ARANZAZU',17),(17088,'BELALCAZAR',17),(17174,'CHINCHINA',17),(17272,'FILADELFIA',17),(17380,'LA DORADA',17),(17388,'LA MERCED',17),(17433,'MANZANARES',17),(17442,'MARMATO',17),(17444,'MARQUETALIA',17),(17446,'MARULANDA',17),(17486,'NEIRA',17),(17495,'NORCASIA',17),(17513,'PACORA',17),(17524,'PALESTINA',17),(17541,'PENSILVANIA',17),(17614,'RIOSUCIO',17),(17616,'RISARALDA',17),(17653,'SALAMINA',17),(17662,'SAMANA',17),(17665,'SAN JOSE',17),(17777,'SUPIA',17),(17867,'VICTORIA',17),(17873,'VILLAMARIA',17),(17877,'VITERBO',17),(18001,'FLORENCIA',18),(18029,'ALBANIA',18),(18094,'BELEN DE LOS ANDAQUIES',18),(18150,'CARTAGENA DEL CHAIRA',18),(18205,'CURILLO',18),(18247,'EL DONCELLO',18),(18256,'EL PAUJIL',18),(18410,'LA MONTAÑITA',18),(18460,'MILAN',18),(18479,'MORELIA',18),(18592,'PUERTO RICO',18),(18610,'SAN JOSE DEL FRAGUA',18),(18753,'SAN VICENTE DEL CAGUAN',18),(18756,'SOLANO',18),(18785,'SOLITA',18),(18860,'VALPARAISO',18),(19001,'POPAYAN',19),(19022,'ALMAGUER',19),(19050,'ARGELIA',19),(19075,'BALBOA',19),(19100,'BOLIVAR',19),(19110,'BUENOS AIRES',19),(19130,'CAJIBIO',19),(19137,'CALDONO',19),(19142,'CALOTO',19),(19212,'CORINTO',19),(19256,'EL TAMBO',19),(19290,'FLORENCIA',19),(19318,'GUAPI',19),(19355,'INZA',19),(19364,'JAMBALO',19),(19392,'LA SIERRA',19),(19397,'LA VEGA',19),(19418,'LOPEZ (MICAY)',19),(19450,'MERCADERES',19),(19455,'MIRANDA',19),(19473,'MORALES',19),(19513,'PADILLA',19),(19517,'PAEZ (BELALCAZAR)',19),(19532,'PATIA(EL BORDO)',19),(19533,'PIAMONTE',19),(19548,'PIENDAMO',19),(19573,'PUERTO TEJADA',19),(19585,'PURACE (COCONUCO)',19),(19622,'ROSAS',19),(19693,'SAN SEBASTIAN',19),(19698,'SANTANDER DE QUILICHAO',19),(19701,'SANTA ROSA',19),(19743,'SILVIA',19),(19760,'SOTARA (PAISPAMBA)',19),(19780,'SUAREZ',19),(19785,'SUCRE',19),(19807,'TIMBIO',19),(19809,'TIMBIQUI',19),(19821,'TORIBIO',19),(19824,'TOTORO',19),(19845,'VILLA RICA',19),(20001,'VALLEDUPAR',20),(20011,'AGUACHICA',20),(20013,'AGUSTIN CODAZZI',20),(20032,'ASTREA',20),(20045,'BECERRIL',20),(20060,'BOSCONIA',20),(20175,'CHIMICHAGUA',20),(20178,'CHIRIGUANA',20),(20228,'CURUMANI',20),(20238,'EL COPEY',20),(20250,'EL PASO',20),(20295,'GAMARRA',20),(20310,'GONZALEZ',20),(20383,'LA GLORIA',20),(20400,'LA JAGUA DE IBIRICO',20),(20443,'MANAURE BALCON DEL CESAR',20),(20517,'PAILITAS',20),(20550,'PELAYA',20),(20570,'PUEBLO BELLO',20),(20614,'RIO DE ORO',20),(20621,'LA PAZ (ROBLES)',20),(20710,'SAN ALBERTO',20),(20750,'SAN DIEGO',20),(20770,'SAN MARTIN',20),(20787,'TAMALAMEQUE',20),(20788,'CODAZZI',20),(23001,'MONTERIA',23),(23068,'AYAPEL',23),(23079,'BUENAVISTA',23),(23090,'CANALETE',23),(23162,'CERETE',23),(23168,'CHIMA',23),(23182,'CHINU',23),(23189,'CIENAGA DE ORO',23),(23300,'COTORRA',23),(23350,'LA APARTADA (LA FRONTERA)',23),(23417,'LORICA',23),(23419,'LOS CORDOBAS',23),(23464,'MOMIL',23),(23466,'MONTELIBANO',23),(23500,'MOÑITOS',23),(23555,'PLANETA RICA',23),(23570,'PUEBLO NUEVO',23),(23574,'PUERTO ESCONDIDO',23),(23580,'PUERTO LIBERTADOR',23),(23586,'PURISIMA',23),(23660,'SAHAGUN',23),(23670,'SAN ANDRES SOTAVENTO',23),(23672,'SAN ANTERO',23),(23675,'SAN BERNARDO DEL VIENTO',23),(23678,'SAN CARLOS',23),(23686,'SAN PELAYO',23),(23807,'TIERRALTA',23),(23855,'VALENCIA',23),(25001,'AGUA DE DIOS',25),(25019,'ALBAN',25),(25035,'ANAPOIMA',25),(25040,'ANOLAIMA',25),(25053,'ARBELAEZ',25),(25086,'BELTRAN',25),(25095,'BITUIMA',25),(25099,'BOJACA NUEVO',25),(25120,'CABRERA',25),(25123,'CACHIPAY',25),(25126,'CAJICA',25),(25148,'CAPARRAPI',25),(25151,'CAQUEZA',25),(25154,'CARMEN DE CARUPA',25),(25168,'CHAGUANI',25),(25175,'CHIA',25),(25178,'CHIPAQUE',25),(25181,'CHOACHI',25),(25183,'CHOCONTA',25),(25200,'COGUA',25),(25214,'COTA',25),(25224,'CUCUNUBA',25),(25245,'EL COLEGIO',25),(25258,'EL PEÑON',25),(25260,'EL ROSAL',25),(25269,'FACATATIVA',25),(25279,'FOMEQUE',25),(25281,'FOSCA',25),(25286,'FUNZA',25),(25288,'FUQUENE',25),(25290,'FUSAGASUGA',25),(25293,'GACHALA',25),(25295,'GACHANCIPA',25),(25297,'GACHETA',25),(25299,'GAMA',25),(25307,'GIRARDOT',25),(25312,'GRANADA',25),(25317,'GUACHETA',25),(25320,'GUADUAS',25),(25322,'GUASCA',25),(25324,'GUATAQUI',25),(25326,'GUATAVITA',25),(25328,'GUAYABAL DE SIQUIMA',25),(25335,'GUAYABETAL',25),(25339,'GUTIERREZ',25),(25368,'JERUSALEN',25),(25372,'JUNIN',25),(25377,'LA CALERA',25),(25386,'LA MESA',25),(25394,'LA PALMA',25),(25398,'LA PEÑA',25),(25402,'LA VEGA',25),(25407,'LENGUAZAQUE',25),(25426,'MACHETA',25),(25430,'MADRID',25),(25436,'MANTA',25),(25438,'MEDINA',25),(25473,'MOSQUERA',25),(25483,'NARIÑO',25),(25486,'NEMOCON',25),(25488,'NILO',25),(25489,'NIMAIMA',25),(25491,'NOCAIMA',25),(25506,'VENECIA (OSPINA PEREZ)',25),(25513,'PACHO',25),(25518,'PAIME',25),(25524,'PANDI',25),(25530,'PARATEBUENO',25),(25535,'PASCA',25),(25572,'PUERTO SALGAR',25),(25580,'PULI',25),(25592,'QUEBRADANEGRA',25),(25594,'QUETAME',25),(25596,'QUIPILE',25),(25599,'RAFAEL REYES (APULO)',25),(25612,'RICAURTE',25),(25645,'SAN ANTONIO DE TEQUENDAMA',25),(25649,'SAN BERNARDO',25),(25653,'SAN CAYETANO',25),(25658,'SAN FRANCISCO',25),(25662,'SAN JUAN DE RIO SECO',25),(25663,'BOGOTA D.C',25),(25718,'SASAIMA',25),(25736,'SESQUILE',25),(25740,'SIBATE',25),(25743,'SILVANIA',25),(25745,'SIMIJACA',25),(25754,'SOACHA',25),(25758,'SOPO',25),(25769,'SUBACHOQUE',25),(25772,'SUESCA',25),(25777,'SUPATA',25),(25779,'SUSA',25),(25781,'SUTATAUSA',25),(25785,'TABIO',25),(25793,'TAUSA',25),(25797,'TENA',25),(25799,'TENJO',25),(25805,'TIBACUY',25),(25807,'TIBIRITA',25),(25815,'TOCAIMA',25),(25817,'TOCANCIPA',25),(25823,'TOPAIPI',25),(25839,'UBALA',25),(25841,'UBAQUE',25),(25843,'UBATE',25),(25845,'UNE',25),(25851,'UTICA',25),(25862,'VERGARA',25),(25867,'VIANI',25),(25871,'VILLAGOMEZ',25),(25873,'VILLAPINZON',25),(25875,'VILLETA',25),(25878,'VIOTA',25),(25885,'YACOPI',25),(25898,'ZIPACON',25),(25899,'ZIPAQUIRA',25),(27001,'QUIBDO',27),(27006,'ACANDI',27),(27025,'ALTO BAUDO (PIE DE PATO)',27),(27050,'ATRATO (YUTO)',27),(27073,'BAGADO',27),(27075,'BAHIA SOLANO (MUTIS)',27),(27077,'BAJO BAUDO   (PIZARRO)',27),(27086,'BELEN DE BAJIRA',27),(27099,'BOJAYA (BELLAVISTA)',27),(27135,'CANTON DEL SAN PABLO',27),(27150,'CARMEN DEL DARIEN',27),(27160,'CERTEGUI',27),(27205,'CONDOTO',27),(27245,'EL CARMEN',27),(27250,'EL LITORAL DEL SAN JUAN',27),(27361,'ITSMINA',27),(27372,'JURADO',27),(27413,'LLORO',27),(27425,'MEDIO ATRATO',27),(27430,'MEDIO BAUDO',27),(27450,'MEDIO SAN JUAN',27),(27491,'NOVITA',27),(27495,'NUQUI',27),(27580,'RIO IRO',27),(27600,'RIO QUITO',27),(27615,'RIOSUCIO',27),(27660,'SAN JOSE DEL PALMAR',27),(27745,'SIPI',27),(27787,'TADO',27),(27800,'UNGUIA',27),(27810,'UNION PANAMERICANA',27),(41001,'NEIVA',41),(41006,'ACEVEDO',41),(41013,'AGRADO',41),(41016,'AIPE',41),(41020,'ALGECIRAS',41),(41026,'ALTAMIRA',41),(41078,'BARAYA',41),(41132,'CAMPOALEGRE',41),(41206,'COLOMBIA',41),(41244,'ELIAS',41),(41298,'GARZON',41),(41306,'GIGANTE',41),(41319,'GUADALUPE',41),(41349,'HOBO',41),(41357,'IQUIRA',41),(41359,'ISNOS',41),(41378,'LA ARGENTINA',41),(41396,'LA PLATA',41),(41483,'NATAGA',41),(41503,'OPORAPA',41),(41518,'PAICOL',41),(41524,'PALERMO',41),(41530,'PALESTINA',41),(41548,'PITAL',41),(41551,'PITALITO',41),(41615,'RIVERA',41),(41660,'SALADOBLANCO',41),(41668,'SAN AGUSTIN',41),(41676,'SANTA MARIA',41),(41770,'SUAZA',41),(41791,'TARQUI',41),(41797,'TESALIA',41),(41799,'TELLO',41),(41801,'TERUEL',41),(41807,'TIMANA',41),(41872,'VILLAVIEJA',41),(41885,'YAGUARA',41),(44001,'RIOHACHA',44),(44035,'ALBANIA',44),(44078,'BARRANCAS',44),(44090,'DIBULLA',44),(44098,'DISTRACCION',44),(44110,'EL MOLINO',44),(44279,'FONSECA',44),(44378,'HATONUEVO',44),(44420,'LA JAGUA DEL PILAR',44),(44430,'MAICAO',44),(44560,'MANAURE',44),(44650,'SAN JUAN DEL CESAR',44),(44847,'URIBIA',44),(44855,'URUMITA',44),(44874,'VILLANUEVA',44),(47001,'SANTA MARTA',47),(47030,'ALGARROBO',47),(47053,'ARACATACA',47),(47058,'ARIGUANI (EL DIFICIL)',47),(47161,'CERRO SAN ANTONIO',47),(47170,'CHIVOLO',47),(47189,'CIENAGA',47),(47205,'CONCORDIA',47),(47245,'EL BANCO',47),(47258,'EL PIÑON',47),(47268,'EL RETEN',47),(47288,'FUNDACION',47),(47318,'GUAMAL',47),(47460,'NUEVA GRANADA',47),(47541,'PEDRAZA',47),(47545,'PIJIÑO DEL CARMEN',47),(47551,'PIVIJAY',47),(47555,'PLATO',47),(47570,'PUEBLOVIEJO',47),(47605,'REMOLINO',47),(47660,'SABANAS DE SAN ANGEL',47),(47675,'SALAMINA',47),(47692,'SAN SEBASTIAN DE BUENAVISTA',47),(47703,'SAN ZENON',47),(47707,'SANTA ANA',47),(47720,'SANTA BARBARA DE PINTO',47),(47745,'SITIONUEVO',47),(47798,'TENERIFE',47),(47960,'ZAPAYAN',47),(47980,'ZONA BANANERA',47),(50001,'VILLAVICENCIO',50),(50006,'ACACIAS',50),(50110,'BARRANCA DE UPIA',50),(50124,'CABUYARO',50),(50150,'CASTILLA LA NUEVA',50),(50223,'CUBARRAL',50),(50226,'CUMARAL',50),(50245,'EL CALVARIO',50),(50251,'EL CASTILLO',50),(50270,'EL DORADO',50),(50287,'FUENTE DE ORO',50),(50313,'GRANADA',50),(50318,'GUAMAL',50),(50325,'MAPIRIPAN',50),(50330,'MESETAS',50),(50350,'LA MACARENA',50),(50370,'LA URIBE',50),(50400,'LEJANIAS',50),(50450,'PUERTO CONCORDIA',50),(50568,'PUERTO GAITAN',50),(50573,'PUERTO LOPEZ',50),(50577,'PUERTO LLERAS',50),(50590,'PUERTO RICO',50),(50606,'RESTREPO',50),(50680,'SAN CARLOS DE GUAROA',50),(50683,'SAN JUAN DE ARAMA',50),(50686,'SAN JUANITO',50),(50689,'SAN MARTIN',50),(50711,'VISTA HERMOSA',50),(52001,'PASTO',52),(52019,'ALBAN (SAN JOSE)',52),(52022,'ALDANA',52),(52036,'ANCUYA',52),(52051,'ARBOLEDA (BERRUECOS)',52),(52079,'BARBACOAS',52),(52083,'BELEN',52),(52110,'BUESACO',52),(52203,'COLON (GENOVA)',52),(52207,'CONSACA',52),(52210,'CONTADERO',52),(52215,'CORDOBA',52),(52224,'CUASPUD (CARLOSAMA)',52),(52227,'CUMBAL',52),(52233,'CUMBITARA',52),(52240,'CHACHAGUI',52),(52250,'EL CHARCO',52),(52254,'EL PEÑOL',52),(52256,'EL ROSARIO',52),(52258,'EL TABLON',52),(52260,'EL TAMBO',52),(52287,'FUNES',52),(52317,'GUACHUCAL',52),(52320,'GUAITARILLA',52),(52323,'GUALMATAN',52),(52352,'ILES',52),(52354,'IMUES',52),(52356,'IPIALES',52),(52378,'LA CRUZ',52),(52381,'LA FLORIDA',52),(52385,'LA LLANADA',52),(52390,'LA TOLA',52),(52399,'LA UNION',52),(52405,'LEIVA',52),(52411,'LINARES',52),(52418,'LOS ANDES (SOTOMAYOR)',52),(52427,'MAGUI (PAYAN)',52),(52435,'MALLAMA (PIEDRANCHA)',52),(52473,'MOSQUERA',52),(52480,'NARIÑO',52),(52490,'OLAYA HERRERA',52),(52506,'OSPINA',52),(52520,'FRANCISCO PIZARRO',52),(52540,'POLICARPA',52),(52560,'POTOSI',52),(52565,'PROVIDENCIA',52),(52573,'PUERRES',52),(52585,'PUPIALES',52),(52612,'RICAURTE',52),(52621,'ROBERTO PAYAN (SAN JOSE)',52),(52678,'SAMANIEGO',52),(52683,'SANDONA',52),(52685,'SAN BERNARDO',52),(52687,'SAN LORENZO',52),(52693,'SAN PABLO',52),(52694,'SAN PEDRO DE CARTAGO',52),(52696,'SANTA BARBARA (ISCUANDE)',52),(52699,'SANTACRUZ (GUACHAVES)',52),(52720,'SAPUYES',52),(52786,'TAMINANGO',52),(52788,'TANGUA',52),(52835,'TUMACO',52),(52838,'TUQUERRES',52),(52885,'YACUANQUER',52),(54001,'CUCUTA',54),(54003,'ABREGO',54),(54051,'ARBOLEDAS',54),(54099,'BOCHALEMA',54),(54109,'BUCARASICA',54),(54125,'CACOTA',54),(54128,'CACHIRA',54),(54172,'CHINACOTA',54),(54174,'CHITAGA',54),(54206,'CONVENCION',54),(54223,'CUCUTILLA',54),(54239,'DURANIA',54),(54245,'EL CARMEN',54),(54250,'EL TARRA',54),(54261,'EL ZULIA',54),(54313,'GRAMALOTE',54),(54344,'HACARI',54),(54347,'HERRAN',54),(54377,'LABATECA',54),(54385,'LA ESPERANZA',54),(54398,'LA PLAYA',54),(54405,'LOS PATIOS',54),(54418,'LOURDES',54),(54480,'MUTISCUA',54),(54498,'OCAÑA',54),(54518,'PAMPLONA',54),(54520,'PAMPLONITA',54),(54553,'PUERTO SANTANDER',54),(54599,'RAGONVALIA',54),(54660,'SALAZAR',54),(54670,'SAN CALIXTO',54),(54673,'SAN CAYETANO',54),(54680,'SANTIAGO',54),(54720,'SARDINATA',54),(54743,'SILOS',54),(54800,'TEORAMA',54),(54810,'TIBU',54),(54820,'TOLEDO',54),(54871,'VILLA CARO',54),(54874,'VILLA DEL ROSARIO',54),(63001,'ARMENIA',63),(63111,'BUENAVISTA',63),(63130,'CALARCA',63),(63190,'CIRCASIA',63),(63212,'CORDOBA',63),(63272,'FILANDIA',63),(63302,'GENOVA',63),(63401,'LA TEBAIDA',63),(63470,'MONTENEGRO',63),(63548,'PIJAO',63),(63594,'QUIMBAYA',63),(63690,'SALENTO',63),(66001,'PEREIRA',66),(66045,'APIA',66),(66075,'BALBOA',66),(66088,'BELEN DE UMBRIA',66),(66170,'DOS QUEBRADAS',66),(66318,'GUATICA',66),(66383,'LA CELIA',66),(66400,'LA VIRGINIA',66),(66440,'MARSELLA',66),(66456,'MISTRATO',66),(66572,'PUEBLO RICO',66),(66594,'QUINCHIA',66),(66682,'SANTA ROSA DE CABAL',66),(66687,'SANTUARIO',66),(68001,'BUCARAMANGA',68),(68013,'AGUADA',68),(68020,'ALBANIA',68),(68051,'ARATOCA',68),(68077,'BARBOSA',68),(68079,'BARICHARA',68),(68081,'BARRANCABERMEJA',68),(68092,'BETULIA',68),(68101,'BOLIVAR',68),(68121,'CABRERA',68),(68132,'CALIFORNIA',68),(68147,'CAPITANEJO',68),(68152,'CARCASI',68),(68160,'CEPITA',68),(68162,'CERRITO',68),(68167,'CHARALA',68),(68169,'CHARTA',68),(68176,'CHIMA',68),(68179,'CHIPATA',68),(68190,'CIMITARRA',68),(68207,'CONCEPCION',68),(68209,'CONFINES',68),(68211,'CONTRATACION',68),(68217,'COROMORO',68),(68229,'CURITI',68),(68235,'EL CARMEN',68),(68245,'EL GUACAMAYO',68),(68250,'EL PEÑON',68),(68255,'EL PLAYON',68),(68264,'ENCINO',68),(68266,'ENCISO',68),(68271,'FLORIAN',68),(68276,'FLORIDABLANCA',68),(68296,'GALAN',68),(68298,'GAMBITA',68),(68307,'GIRON',68),(68318,'GUACA',68),(68320,'GUADALUPE',68),(68322,'GUAPOTA',68),(68324,'GUAVATA',68),(68327,'GUEPSA',68),(68344,'HATO',68),(68368,'JESUS MARIA',68),(68370,'JORDAN',68),(68377,'LA BELLEZA',68),(68385,'LANDAZURI',68),(68397,'LA PAZ',68),(68406,'LEBRIJA',68),(68418,'LOS SANTOS',68),(68425,'MACARAVITA',68),(68432,'MALAGA',68),(68444,'MATANZA',68),(68464,'MOGOTES',68),(68468,'MOLAGAVITA',68),(68498,'OCAMONTE',68),(68500,'OIBA',68),(68502,'ONZAGA',68),(68522,'PALMAR',68),(68524,'PALMAS DEL SOCORRO',68),(68533,'PARAMO',68),(68547,'PIEDECUESTA',68),(68549,'PINCHOTE',68),(68572,'PUENTE NACIONAL',68),(68573,'PUERTO PARRA',68),(68575,'PUERTO WILCHES',68),(68615,'RIONEGRO',68),(68655,'SABANA DE TORRES',68),(68669,'SAN ANDRES',68),(68673,'SAN BENITO',68),(68679,'SAN GIL',68),(68682,'SAN JOAQUIN',68),(68684,'SAN JOSE DE MIRANDA',68),(68686,'SAN MIGUEL',68),(68689,'SAN VICENTE DE CHUCURI',68),(68705,'SANTA BARBARA',68),(68720,'SANTA HELENA DEL OPON',68),(68745,'SIMACOTA',68),(68755,'SOCORRO',68),(68770,'SUAITA',68),(68773,'SUCRE',68),(68780,'SURATA',68),(68820,'TONA',68),(68855,'VALLE DE SAN JOSE',68),(68861,'VELEZ',68),(68867,'VETAS',68),(68872,'VILLANUEVA',68),(68895,'ZAPATOCA',68),(70001,'SINCELEJO',70),(70110,'BUENAVISTA',70),(70124,'CAIMITO',70),(70204,'COLOSO (RICAURTE) (RICAURTE)',70),(70215,'COROZAL',70),(70221,'COVEÑAS',70),(70230,'CHALAN',70),(70233,'EL ROBLE',70),(70235,'GALERAS (NUEVA GRANADA)',70),(70265,'GUARANDA',70),(70400,'LA UNION',70),(70418,'LOS PALMITOS',70),(70429,'MAJAGUAL',70),(70473,'MORROA',70),(70508,'OVEJAS',70),(70523,'PALMITO',70),(70670,'SAMPUES',70),(70678,'SAN BENITO ABAD',70),(70702,'SAN JUAN DE BETULIA',70),(70708,'SAN MARCOS',70),(70713,'SAN ONOFRE',70),(70717,'SAN PEDRO',70),(70742,'SINCE',70),(70771,'SUCRE',70),(70820,'TOLU',70),(70823,'TOLUVIEJO',70),(73001,'IBAGUE',73),(73024,'ALPUJARRA',73),(73026,'ALVARADO',73),(73030,'AMBALEMA',73),(73043,'ANZOATEGUI',73),(73055,'ARMERO (GUAYABAL)',73),(73067,'ATACO',73),(73124,'CAJAMARCA',73),(73148,'CARMEN DE APICALA',73),(73152,'CASABIANCA',73),(73168,'CHAPARRAL',73),(73200,'COELLO',73),(73217,'COYAIMA',73),(73226,'CUNDAY',73),(73236,'DOLORES',73),(73268,'ESPINAL',73),(73270,'FALAN',73),(73275,'FLANDES',73),(73283,'FRESNO',73),(73319,'GUAMO',73),(73347,'HERVEO',73),(73349,'HONDA',73),(73352,'ICONONZO',73),(73408,'LERIDA',73),(73411,'LIBANO',73),(73443,'MARIQUITA',73),(73449,'MELGAR',73),(73461,'MURILLO',73),(73483,'NATAGAIMA',73),(73504,'ORTEGA',73),(73520,'PALOCABILDO',73),(73547,'PIEDRAS',73),(73555,'PLANADAS',73),(73563,'PRADO',73),(73585,'PURIFICACION',73),(73616,'RIOBLANCO',73),(73622,'RONCESVALLES',73),(73624,'ROVIRA',73),(73671,'SALDAÑA',73),(73675,'SAN ANTONIO',73),(73678,'SAN LUIS',73),(73686,'SANTA ISABEL',73),(73770,'SUAREZ',73),(73854,'VALLE DE SAN JUAN',73),(73861,'VENADILLO',73),(73870,'VILLAHERMOSA',73),(73873,'VILLARRICA',73),(76001,'CALI',76),(76020,'ALCALA',76),(76036,'ANDALUCIA',76),(76041,'ANSERMANUEVO',76),(76054,'ARGELIA',76),(76100,'BOLIVAR',76),(76109,'BUENAVENTURA',76),(76111,'BUGA',76),(76113,'BUGALAGRANDE',76),(76122,'CAICEDONIA',76),(76126,'CALIMA (DARIEN)',76),(76130,'CANDELARIA',76),(76147,'CARTAGO',76),(76233,'DAGUA',76),(76243,'EL AGUILA',76),(76246,'EL CAIRO',76),(76248,'EL CERRITO',76),(76250,'EL DOVIO',76),(76275,'FLORIDA',76),(76306,'GINEBRA',76),(76318,'GUACARI',76),(76364,'JAMUNDI',76),(76377,'LA CUMBRE',76),(76400,'LA UNION',76),(76403,'LA VICTORIA',76),(76497,'OBANDO',76),(76520,'PALMIRA',76),(76563,'PRADERA',76),(76606,'RESTREPO',76),(76616,'RIOFRIO',76),(76622,'ROLDANILLO',76),(76670,'SAN PEDRO',76),(76736,'SEVILLA',76),(76823,'TORO',76),(76828,'TRUJILLO',76),(76834,'TULUA',76),(76845,'ULLOA',76),(76863,'VERSALLES',76),(76869,'VIJES',76),(76890,'YOTOCO',76),(76892,'YUMBO',76),(76895,'ZARZAL',76),(81001,'ARAUCA',81),(81065,'ARAUQUITA',81),(81220,'CRAVO NORTE',81),(81300,'FORTUL',81),(81591,'PUERTO RONDON',81),(81736,'SARAVENA',81),(81794,'TAME',81),(85001,'YOPAL',85),(85010,'AGUAZUL',85),(85015,'CHAMEZA',85),(85125,'HATO COROZAL',85),(85136,'LA SALINA',85),(85139,'MANI',85),(85162,'MONTERREY',85),(85225,'NUNCHIA',85),(85230,'OROCUE',85),(85250,'PAZ DE ARIPORO',85),(85263,'PORE',85),(85279,'RECETOR',85),(85300,'SABANALARGA',85),(85315,'SACAMA',85),(85325,'SAN LUIS DE PALENQUE',85),(85400,'TAMARA',85),(85410,'TAURAMENA',85),(85430,'TRINIDAD',85),(85440,'VILLANUEVA',85),(86001,'MOCOA',86),(86219,'COLON',86),(86320,'ORITO',86),(86568,'PUERTO ASIS',86),(86569,'PUERTO CAICEDO',86),(86571,'PUERTO GUZMAN',86),(86573,'PUERTO  LEGUIZAMO',86),(86749,'SIBUNDOY',86),(86755,'SAN FRANCISCO',86),(86757,'SAN MIGUEL',86),(86760,'SANTIAGO',86),(86865,'VILLA GUAMEZ (LA HORMIGA)',86),(86885,'VILLAGARZON',86),(88001,'SAN ANDRES',88),(88564,'PROVIDENCIA',88),(91001,'LETICIA',91),(91263,'EL ENCANTO',91),(91405,'LA CHORRERA',91),(91407,'LA PEDRERA',91),(91430,'LA VICTORIA',91),(91460,'MIRITI-PARANA',91),(91530,'PUERTO ALEGRIA',91),(91536,'PUERTO ARICA',91),(91540,'PUERTO NARIÑO',91),(91669,'PTO SANTANDER',91),(91798,'TARAPACA',91),(94001,'INIRIDA',94),(94343,'GUAVIARE (BARRANCO MINAS)',94),(94663,'MAPIRIPANA',94),(94883,'SAN FELIPE',94),(94884,'PUERTO COLOMBIA',94),(94885,'LA GUADALUPE',94),(94886,'CACAHUAL',94),(94887,'PANA PANA',94),(94888,'MORICHAL NUEVO',94),(95001,'SAN JOSE DEL GUAVIARE',95),(95015,'CALAMAR',95),(95025,'EL RETORNO',95),(95200,'MIRAFLORES',95),(97001,'MITU',97),(97161,'CARURU',97),(97511,'PACOA',97),(97666,'TARAIRA',97),(97777,'PAPUNAUA',97),(97889,'YAVARATE',97),(99001,'PUERTO CARREÑO',99),(99524,'LA PRIMAVERA',99),(99572,'TAMBORA',99),(99624,'SANTA ROSALIA',99),(99773,'CUMARIBO',99),(99774,'PILETA',70),(99775,'PILETA',13);
/*!40000 ALTER TABLE `ciudad` ENABLE KEYS */;
UNLOCK TABLES;

--
-- Table structure for table `departamento`
--

DROP TABLE IF EXISTS `departamento`;
/*!40101 SET @saved_cs_client     = @@character_set_client */;
/*!40101 SET character_set_client = utf8 */;
CREATE TABLE `departamento` (
  `iddepto` int(11) NOT NULL,
  `nombre` varchar(245) NOT NULL,
  PRIMARY KEY (`iddepto`),
  UNIQUE KEY `nombre_UNIQUE` (`nombre`)
) ENGINE=InnoDB DEFAULT CHARSET=utf8;
/*!40101 SET character_set_client = @saved_cs_client */;

--
-- Dumping data for table `departamento`
--

LOCK TABLES `departamento` WRITE;
/*!40000 ALTER TABLE `departamento` DISABLE KEYS */;
INSERT INTO `departamento` VALUES (91,'AMAZONAS'),(5,'ANTIOQUIA'),(81,'ARAUCA'),(88,'ARCHIPIELAGO DE SAN ANDRÉS'),(8,'ATLÁNTICO'),(11,'BOGOTÁ, DISTRITO CAPITAL'),(13,'BOLÍVAR'),(15,'BOYACÁ'),(17,'CALDAS'),(18,'CAQUETÁ'),(85,'CASANARE'),(19,'CAUCA'),(20,'CESAR'),(27,'CHOCO'),(23,'CÓRDOBA'),(25,'CUNDINAMARCA'),(94,'GUAINÍA'),(95,'GUAVIARE'),(41,'HUILA'),(44,'LA GUAJIRA'),(47,'MAGDALENA'),(50,'META'),(52,'NARIÑO'),(54,'NORTE DE SANTANDER'),(86,'PUTUMAYO'),(63,'QUINDIO'),(66,'RISARALDA'),(68,'SANTANDER'),(9,'SIN DEPARTAMENTO'),(70,'SUCRE'),(73,'TOLIMA'),(76,'VALLE DEL CAUCA'),(97,'VAUPÉS'),(99,'VICHADA');
/*!40000 ALTER TABLE `departamento` ENABLE KEYS */;
UNLOCK TABLES;

--
-- Table structure for table `usuario`
--

DROP TABLE IF EXISTS `usuario`;
/*!40101 SET @saved_cs_client     = @@character_set_client */;
/*!40101 SET character_set_client = utf8 */;
CREATE TABLE `usuario` (
  `documento` varchar(20) NOT NULL,
  `nombre` varchar(45) NOT NULL,
  `apellido` varchar(45) NOT NULL,
  `fechanacimiento` date DEFAULT NULL,
  `idciudad` int(11) NOT NULL,
  `clave` varchar(60) NOT NULL,
  `email` varchar(200) NOT NULL,
  `foto` blob NOT NULL,
  PRIMARY KEY (`documento`),
  UNIQUE KEY `email_UNIQUE` (`email`),
  KEY `fk_usuario_ciudad1_idx` (`idciudad`),
  CONSTRAINT `fk_usuario_ciudad1` FOREIGN KEY (`idciudad`) REFERENCES `ciudad` (`idciudad`) ON DELETE NO ACTION ON UPDATE NO ACTION
) ENGINE=InnoDB DEFAULT CHARSET=utf8 COMMENT='tabla del usuario';
/*!40101 SET character_set_client = @saved_cs_client */;

--
-- Dumping data for table `usuario`
--

LOCK TABLES `usuario` WRITE;
/*!40000 ALTER TABLE `usuario` DISABLE KEYS */;
INSERT INTO `usuario` VALUES ('15173361','WILMAN','VEGA','1998-08-08',20001,'8cb2237d0679ca88db6464eac60da96345513964','wilmanvega@gmail.com','PNG\r\n\Z\n\0\0\0\rIHDR\0\0\0\0\0\0g\0\0\04ja;\0\0\0sRGB\0\0\0\0gAMA\0\0a\0\0\0	pHYs\0\0\0\0+\0\0zQIDATx^}u|UW}g35K4ĕ$@BݭP--ԕBejSԦ>S[{43+\\ͽgg}ia۸qmڴcv	\'>[֬YcWlݺնmf;v찓N:N>d;mΝv\'٩{ONk{N;U[کN=gjku;s?Lߞo<,>>8o/]n.bvC~+}%^l\\tE\\h^|\nk+ەW]c\\{]{MvM7{p˭v㭷y~=v=]o<#=f{ypc}v	ywe7v\'n+]u]vŕvþ%.RYc.>yǆ͡CK.βO?8ۻw<xy	8h|8FUVҥKm˗/ǀa׮]ٳvN:A9}\no=t㌳egs\08sϿ/6\r8۰(B\\|^=.ppk^~kkv@&o\0ͷauGhL{|1$@l\0H\"oN	=qe|~؆>p\\p\"Ϸ>9n۷[~P([\0+VŋmΜ96sL5kFI\0(PH@EP qTJ!8L; \Z=`\01z?[J#rp#`=x.q5W^m*nonV5]j(\Zn5q\Z>}?j<*P(O#O<-8PHruT\0`>\0\'`\\}C	,-=&&:$ǲe\\9ϟosεyق~y#\0&@B ]fNݫI9tHP}oWИ\0A-:}44_/5Ay]P\0/!AI1z\'JqrͷywG@Pv~-\"\0_\n\0G\0I;8.@Bplj\" <ݜzvu9tjrJcbA!OK֮])j˖-\0SN@]PRP@9ܟ\r\r\Z\Z\r >_q;Sﳟ,C_zrox  ]Cu\0+6G.\\ts\ZFڛ;;Ԩ(]ihT嶻=\0lz\0XG%\nvD]yVX)$%$\\+\rqh;OJ+EvH7N9P\n$\0BapP>Rug \0e_*I\'\0>BHϹX=pe)$\"2W)_ݤrz]v-wȃ(Kɮvv;իRޭF$}|[$}% IYH:BAD\0\0/- p8DP]I$xK/UjX*7xgO7.X묙6u4kiᷗ._p\"`Ǣ%mيdsfϝ7ضI쀄\0ya#Ry\\ %X?9%ePJ?BK?\0k\ZW+=]yHkK$2zε7JEP[n=n~Nr=@Gl\rLq	P:@xP,EPR)$H9UAU؆Tm:\"$ӾcN6BM)6}F͘\Z}Ujj[j-XfΞ叱,x[ݧ{HlMk\0\r\"4<pH؞s),;]<vUα%*A*J]W؅SOo6o%KWEm`2a[]}zRjW^sǵ78&E#,P#n\0(\0r׽R=mG $\0\n(ؐnPpH.RaGEHHUfR}9$KIT)\0\r>w<W	 r߬9=Pi-=uۆMmu;O!\'\0B@	ՠ၅	\n&c@r7!A!\\-]l;N8-\\n3ZXc+/keV>feUV3fε+]/7:w5<Ln#G{T:j:/i\'oծA~D:U$!\\!%JplD@\nio;NSvH4>iHA(\r0۷yas̛\nU9e*\0@B3\0<P\0qC]D\"/(TPT9ˁ+\rgg7os,MV?ڒ=R3,-ueʵBηoEGV`=SKZ{\\=P\096\0zp()) %(Z	A	8@nvW TR1\r8F߱\r^0@BxM$C\rN\02eT#45Ov`\06Kl\\%l!<qYgI˛9,FGvH@<	#ñ\nbxRKIJL!FeXjJ%&ZJJe6!!S,9)Ӳ,[ϭ̱-[O9h]/YG%n]pd$_&X\r۽ai0>> p0:FGH:*F\0#\n$rm90Q\0\0	`XnuHhXvBUTUZMx\"X 6nAAYx0!ݠ\"[7m[l׮vi{9}o_ė\'V	-H\0\0C:\naH=R!a |i{(ዊJ,\'\'R	Kf(%=5CdYF(KMMTnXIIR3ΦLakn{Nο=`\\uݍw\'R5dܦA48\0\0JV:V4a	\n@ˮiR%}$R1,\0$m#+ǒcHzm>b(A!&MnrKL+\0*J8YJ/^sbr=J5v\':$[58A\\iXj\Z@!$PH9{;0 D9ǖ2~D]\\bcոmko\ZRʲr+*(+-SaޣabM`&MY_n6la;v((\"\0@AYF\rIâ\rNLDe\"#aP?Eu@|]qJ^8,(W˨ky%PKdZ$@o@B	`!z;=oqŇr&l&J5m Y((5\nyLӒE	\'lb[2O#b\0$ąJOy^_t.hhhqUclR[jm\\ζojvx]洴$=qMmb3Ҭ֙3gz?glcZ&C7ٖ-;lZmmw_*r\r710x\n= :*y01:q,V\0\0F;R\0a\\	0fC\r|iAQlbCÁ\0sK96o;V4׆zREr%YqCrIOk\n,\0AJ	&(~,?Ѱ\'5<55km9*/9tJmN?($HQ͂{\Z*e*/lFis=4Y.\' QoVM6y> 4_2w/@Aآ. $XƓ.\0$!̈́IcY\'R\"CZ&5(Jv>nJ& AuH56wرcyrIr\Z*&bH#h<c0Gk.?2WbYiEZܶAwnfg~\\yP=|Au\0Pg9Δ:](ƶ(em8oܰ6mhs>̚.^&[hRx\0s\\5g/Cx1}T)l(vP\r\"qzpH5!0J͐1\0\n7r[	&8\rA[c4:U\r@`XIG\0Ek8/ދ2ݧ\"h-0̜щ\'T#f⋥]K6+`~A0折WB=H\r6u7r\Zζ$%;Yy߮mJ{[6\rR+m˚Uy*nX¶m|mb\'WګO\Z?V<UEKX{t\ZrsR]\n:<l`?DĄRD֌\0p]}=EDBmJ`;c0/RK/cѫz/6nS⤚\0\n,DP\0@!#0G	\nga^3<иl$;A]P`U>\nI^&MdNegw{\ZS0NX6볮_V-*.gkηuKloezr$ӽyJ;^NزvHmvZ;E|\'z%e>`	Blyw%\\eP8T 0EF{R \nA\"@BfaBUαn`$-!N۾)Y}$߸y{橓QjQ&6	%l?QU	P،{\0\0*(Y{|/fFk]VVA=O2zƩBm4N۾v(ul\\*_!A)qٶDp/lf[mi|L[hn{Y8,Z`xAY߸A٥Cz:E\Z-9z,R^|\rT S3U9\0n\nTS\0#\0I*|=@=CrZ~EEQw:ceq\0\r[ ṫ֬j,jxH)\'y֎id@G\0\0jRo۶շr\0aF-))	uU)dtiz\nqyD-\\ikͳӧBy-I7O&ڜF?m-n汰e?ьd[6gTg`YftH==\')PFuMU2v.@\'xwL?\0ƈH;C\0j\"`S睐 3I}HA\ZGY\'` e\00Un^ahN9!	\rkZ (zWKن2- CMbjjj,>>jkl^56TnVJPjX/_Eք	ZWg-۔cmJ2fԌ	㭥ڦVZ_c\Zk=4NM\r6Q1y͛&pfm:\n>K,ګ\Z[mY6q~/G	 Bq%\nd!\053ᐜP&|TEݱSF-Ǟ<q~cc[\'\Z;\ZP	\"c<i%A4a6\n>@\0bQ	>(@rVI	\np{222,??ߖ4!lsW[>{M[eU990z਴Rk,)clZeM;FTvjUTWZGJ\0:Qz,JQK,+/P%_Bl1S-\'7F܅K|`uUA%Ra|C\0#|u@!}01ǁ_ʩ-(!UcbmhW\"TԛH?t֘\'AJKtJ\0l?)S6||~g82ضFH|[^;k+\"X\"BKNNvX0\'ѻxK	6MBk*mT44e2NTe6ZXf7DebVSC2[l^T[8g-?CaA+V	kcm<org*ZEP@!&ö#,kp\02\0׋P%g?wN8UmDة\rBE=h:\\yݻZ*0RƚuLdfQd	 (c$xm,-:I\'!ׇ٢@-P\0d6M_0vl566\\`dffZjjsX#cl<U%?I1y/*VcriM,R>ښFs_Mm ̪gWʜ/M#pf-7[*HJBauٲ|Μm%6*GdC}T5čbp>c\"vRQ}	_\"\n伋U\\#9Q2i*s*P@نOY(ޭ[&c<J?\0!\\1\"ԂJma``@j@A\"Uϵ9j`Tc)F_[X29qDO5yRfudLuM6i*1P\"ZvZ*k\'gVIAF[sIA$ʊ2U3No\'7ͶB@5V͙\0.vzP.WY-Rif%	\r}mJRr̚ΞKv8ՂS*n^tXn,ľ>,`.1bͅ?S/i|	g%0:\'IA+>`?B:1\"J\0*\\%@}\0a?# BqHdc\\Rp,\0\n)Akk1ih\r6Y\rme˖{1NZKII3E@0NR76z*2sz7Me͓meK\Z&ڂ6K\0ͨ(1lA}-jeSl匩Vc7ǖUHVz?{-Y6h֬鳬\nJ}}ʘ5n`ko#O<i?1\0ַ2\'|1ai7a(>q%˅FE\0	((I\0!@>B\'4FQܓlڂAܰZ**3\rU^úN`P\0\neM dc\'-x>^ݤ׮ZTP,EE|;wNZSK؀f0%\0(˘auiiUVT2(J2Caf[f[4e-t+fʹ3[m)\\)dK]1\r6Q9R%*ZYٳsl霹|Bd%FmRby\Zd+\"[~kKM)yL)vXl0))0@0KPtաJ.^z@aO+:Nu0\r (IA5`Рimq֬SO_=VY@\0q`ڠ\0-[78j~ry-S)͍3gΰy+0aTRe&ohttDL9Zr)j)\n&sƄ:3+]-h\Zm^}9*}gʜHkMoLgC-\"y×̰ųnY̶lV,J!ش$W<=܋؟?y/^R`O=B<#,+`9A[00!ʡ._*Ht?HdD;	\'HIP`@E\0Xav_L([^@$<\0fP\0Y3W-S_ 28T@lI]HĤ|IE5m\"ffTh*+ʽ&؟*ҬTCe3ul⡪):{fBVP[0Ֆ[`+-+8(lp%?oCZĤtW̘5ߞ}e_۫oeoR;^veyG|J<irprRd\0?ōm Z`4F]}2{AQ(Lc~ذ!tY\rK@ t\"~;<ց,NP22gbLO;ժn6ڮ\0Hʦ_~^ݰ`~jH9;)\'e6qhr(\"k]UOci\\X&STOQ<&U\ncmq\\5Ռ	8ZLg؜mU튲t\n}6v\\C=x5Oi|{Ï쵷$ey:(TCe,O\"%֠&\0K0(ay\n\n!W?ge H%TԳbRW]P^Cj	cZ.,]`KwvFj:|WB\0\0ბh,t#}_VW>}XZZ 2]=z\\ Hfʬʤ6km|KU^ÌxxY]bU5e6Qepmq/ʏ8Uz͘\\+SPlErtU[䉓lyMdit)tH\ZOuO3˯w?>3{?m|M/ǟ)˓>`x8)=t~ݜr2f(AUäay !<x\r@hx<%b!V>ԃ\0ؾM*7-\0jx$\0	2Xqqza\rKsHTЬ4Q=*$J(=JӬ8MꓚHQ66/[dYuAgeXizzsӬ@j`Y`#-=.2<R,mdfd[6cJeb%,VOV?e$O>>ki,\nXzy{^!.#n%THK:Ꭰ `:b3,GG$R\0RE[1p?HjA*!/x%uةgЌuksj6]s\'\0tS\"SN,i	ΌLk%?І6md[>ocZ7FZ\Z75>^`	CZA08ƒ-iHaI-HK8K2R; Fdqڑ8Fj)#$\nʬbtM\';kܟ?m_}/_}e_|}(}qwߵ?+oi/=*?o==c辇I2\r3`	*mఔװ\0mY\'\Z0\0 f#%p[pXlñb6ظ_{#h*\"1F^X0.Ҕ^i	9qvW\'۩g.E\"Oeh%c&VldqCZt߾6o<p\reѽ{ڐ~}mX(޿%\Zdi*sPlIR8=&ACmX@ҧ@3bF(F*,O˵¬Bkd3ͶdL8{ѧI77ӯvP>S ysX^W_g_zɞyQ\"XY{䩧|j(PJgΟAY|A9)i@4ws|k$\0i$A\0A1x6\nRJ`\\xA*\"mܠzo\0xNڳ[oeggCllY6ubʱ#\Z^]XT6(*vnvl@6WOAI2Xi$rSJ!RA1#Fې6o%zAkqJ9#-K&5?=ۊlB|	fM+|tn_>_om>s5yO<#ӟE_yP6?PPPRMkVYHT/ԅDbj`\0ET0xFHKĶWi@N:cEF_OS`qP֯[c\'@YH5;w\0&M5ɧ\Zđqng!\ZƍΩ+ُa*eȀetDt(JTqHl >`\r-(blh6^߫_a#-q@9.g\rIee;vHݏˏ?:$_w/>ܕPPW\'7	?</=SsH?!rM\"hP.E	B9wcԉJdU\"m\0PΒv:~i	 \'J-N:9evH}Ig7\'8nG*($\0v\Z+X3fKON*V]:ƲdXt\0n$Wo47`GeCFɧx+a٣<+GsD@Q$آ<#FZjl<`)R[~\'(eKmJT+]a3<`}%\0>%@	)起vX^zuB\n3\\`!\rWHAJCwJ],(\n)U!BaC2l[p-\\4!R\n0<K)F\0ē;\'3,HKZQvP|	 xUi.\n}\'CE a?`\\YLIS9nؒ2O5i#$԰bA)q]\0J/jK\n MLmVbͶ,.<UB2<Te!zGԖԔ6<c0-=V$)򊭾jMmj56FuēϺyEMj%57`AMW!)ey?:(Ͼϩ\\~]UHA~EH)jB\0P>]IE9\Z@HT&@\0l|	s\0!%ZgέvvS̳NT1QVts2@79.?;(r]EGI\r1L	4N@?H1&%98\"|ˈn*aJ;0t)J*4gc|&5X}i{U8ٷ}\'a۷G!.`+ۈWy]+X^z~yU)((paA`HCrqid 	A0c\09%0Ygϩ\'Ng]xw~$.Ȅ}g)?T+$Y96RnfXfB{$i}0H/JRx\n@r\\* 09\\ScYY˱R$*PT*#(Ga㋋Y1֦OjRYZey9gا}_|TTHA AMH;ʟ(o_X,e	2q/VjB`P`!\r=\"X(=t0b`H-;PBz(GGQTawN=dW㐜s~|;t	w98q)+l	榤ڨDNJLOIaý!QH2رvFZ|%>t?aLMoZgRڒb5zIQ2t!J)%Q^#=X6u8h3mE-eMd-YMeH֭h/GhS^_T{|ݷ7Mׯ㣯?c?[+{E/P+T.[aK<#(JG(G?p>%!E\0H0lCqPP`A]0oLggu5!b`8τ2N\"Iϴ\rM6IR=ԪGj\nWTb\\-@F6C)3J4,\\JQicA5q-:״N9fcGK-+I?>flV[:}[hk,gZk4?9=#-W=܏_}9 k?wCKUsXP|Y~cc,%(T=	. 12:fBOUL%BD<EԂ[F\"{䬰7\\{/\0~³\"*&0g1<Խ\\gf^<ZMUU݅V&U)RT,Q+32;ۣB|Z]e˧OeӦ\"Yu㭹UnJ)6D	EE6I\0Wm\'LJS+ZjNhi3fm\\U3*fuJA	)6B{<| X\0{mx:R\0g~3U/>PvXP?~\"\'pXH+\0 ʢ-z>46nu¨	jrã\0\nDD=+فK/\0\r(5u(5:!)ε5{o圚es&MiRIc*\nlW%hhVW\0A18ł#/YdkgF+Ztr-gȯ̬ͩuKLX$ئʙ3R6ZVsHP_yMP\r\0AIn.lC\0JGHH9LXf#Pxv0/첼J(\\\'02PP|:8ы$AMi!ʹ{[d^NZxU\0ҝveڥ_\\}uăp9+WonYϊ(\'V_`3KMjhPz|sk*-b9A2#J3jrzldAFY}2۴xm[c)K&Tnu<JRk\r}4+ylyYmf[ H0Yi\'ڇ}*k\n >@>@	j$@O=>/0(\n@UD(T;|U:^PABZ	O4(FP`V;z#2{y\\Lwɀ(R,н@^`9xbCvu\\EnSζRBO5K%,U -\0=gn16t8$2~/O$\0òjvg_0a`\ZWR,lEMl^}/Zj3ځNndgM~vAHeC`	Pۿ%	|>p`k+ԃOcJ;+\07yMP 	\0	$H\0{ω?S-	\'t3/pu@.źK=.RK+e/+<	WoHVbr+Z˔VSVa&7!8sk\"1YbkJ./6LR7{#sm|ɜIjxPKgL-F\n\\-.l^D[OSi(%\ZR(5M?jTtU9wy_JZ\0IH7k~\05_y\0ʟ?g(SE/yxRi)ۛa7_*JtT\0H{I6R\Z.` &c4\0t42V\nCW_	rKfA%69W@FX\ZkkmF$ӠYy>1])X8kl+OIB[>Vp&71[TLTZԀJu%cN<BS&\'¤	J%lnC-Tg85T̙P**M{X\Z[`=jzU۔0:BT}6&ߠ*HH9!(!SH;ҫ <\'aU=o|$[K5G5aef[&XR&P`\0,,ep <T8ՁCP\\sȮ]yU\ZUօz?v%6TDֱb,QRN\Z{ iTzPoer2G	*P\nU$[uJa>#@Z^JT-KkTVM_4IeXT͙yZY^jW_1UJfꫯۿDw}U8}xsOm;$@CO0[R;o\'YoK\njW)iO>#$@e@sH\09̪mW	}`)\'8+!ո=\\@¥.>cygmsgVɜ#LQ T\"\nA`ZD@\'%y)?2DȾQre\nu%()sH+T,?S9gC2ZĪ2<ML@}JWQyV7.8B{: _}H($O>|uDM$aA\0ZV\n+\"p(~>/M9$hd|UHG9]%\0(`՗]\ZYD)E~W]/7\\ct]IH\\	%	[z@OՇīG[z0+Y\\+0\ZGU(o`j\rm1\0dD>>c#-1<*ʆmY@R7Ʋ>0ۚJF[]Q{!\0,\ZddRMHT\\q\ZF֒|FW06B\0W?~\n@Dn_|CDI\Z1\0\n	|ς\rwX_R-0ǟ|ͦREH3a# nNT$\0vV@NK)k[\0 2\"2^s#rN	pA9 Җwysnx!l[mBM+LPg9 \n\nYZ41֯[\Z3^|~&@2\0ַ\rAɕ0Ds|I5TXX1R^0(-0\\+HO2\'9s~r20!߻\0	)&ɏhWϾg-1 tKXZڷލߗ}O^Ͼ!	g?9\Zd΅	C\0ȹ\0DAr3T,(E/$(	JF~yA޻q2ƫao$jV3xzn3tp^wHJ҇\r\"2ǒš>>j2t	,vf5ԫR16\\]Zhչ>UqV[h	SR@m :*5[n_vP\\Q<	8(m3|Q@L*,J/XP	+*\";̷@\r\ncWwR	\0H Ѧ$zTjȨ<†$=_pjdSU3^2_ƪN\ZwY/_-8`bȔ_Ns 5ݍ,˵NҙPVhuKUN(,S/}\Z((+Vك=f_~ǷRF4|\0Ӊ`t tHH5KH\0I {z\0\n0ޏI0]ep,Lqd_M洣q@ࠄeRpm.]\"f|&pWL&PGg~\\|L3 X%OT	Q>?:+*IX_(c詃Kp t	m)FEXlfꧪ0Yh2&Q.&\rG\ZeV_di,9.j?~40w[\0	>#(MpHXbH%$lQ\0	[ 	71`P@\0	8u\0\'q3$9,	D.mo[Fvk{!y/un	^QXPX^j/hhT\0Qo ŠT/J\0Fz~ij*uƺR׍\0Yrg[y`nr|}NrJIz,]~Pa%\ZL\0Q\0#D\"+X\"!\0$\r#,!	paGHH;~aqr0}ّ8r\0\nJ0?H2酲6rQLDE(q#*f}{dOYj\\jG$J5?m/{]nsի+87_D\n,\ZSh\\QΆmFlC`d(5eZ\Zwl^UXe泴)xGBdJSyje$ncM-,_ڞ{%_HO\r\0\"?<AJj\0%oG\Z H/	\'A\0!L;	[ozAFuHP㧹FNYji@	%nX$xGDE(qoz\0[]Dw _9u_S/dO=wV33%H`\ZPXV9Ji\'O`WHVl3fԉ<\"ܤ_2FNʈ{˳:#R*{XB(ϣx5\'~Ii_v%	p\0@\0 #xN	p\rs9m@AU䣏ڕ@`Xt]I\0)eXL̡/d\n,V	bT./sUojǝwm+X{_~A?C\rHԣ=OK/jz̴l+/Ry4zhV5>:KYJڎ F5q`%\ZbiC[JPc#Pjу|mm`;he$(uX~FeJEXod$Ybl%\'YyY7*i81닿}:(Ѧ mK\0#x,+o$L(3IH+?GĘ8P^S;H-mc ,\0 b)=nN޻	/oC ☧\n{7^۞|Y[rY(֘䫑\n|a(~F`\07pTr\0B\0<H+cxpskXeϩ@)OI|Kvf%&gW=]E\0\"P0|H-Bz	\0ph]! wL7`EiG*le5;C24vuڶɸ`J\Z\"(G\0	AUmaGSd`HrT[ܠrmv}w	G\"@WI=>=@9WG{^{ٗgĚzH+U!#\\ZWR\r\'T5,dtD`\nNARRCbyz5<)3x)iԢb9\\6{|G}\'pHF9J\0ŗGP\r_~pm=JPPH#Q.}S۾şzp6l(mQ\r7¯o30J\0ww !nʤ]v#z\0/IEE<Πt\\sj~{W*c\\I;\\\Z5\"VL,5N~*8ud: #-;1AKKs1:?QMQɛ42YZ`4MӯЊ/\r)8$\0?c\0fZ;F$_V7\"l$>N~88\0J᠜E=Bxy,S\nKë[}yn;>_T@8OT$>jO=q! y7ߵg~֮`񜴝W\Zl><k0\0E\0	W\r:\"CFZPOɟp0!H U7NH㠠$#aL~(4RѷG\Zoc7?&~ۿB\n@׈rN !O|	~$>d5j\'iȠbk~_ 1*h	 K\"\0?\'T>./$N\"zgѧU>*yHiӽ{˯{)n6?{?!.\n<\r1##RGĶK?i\Z1\ZMkrC/\"P(mHb\Z.+2X\rD!2wI9_cdF]rBzA=\0-\0_>\\>66N\'4z\0H\0%?PF//<Dߑ9t_8I%\0$2/[3AUBym%\ri侇Wˇ<t=\\0_Rgqg_7칗^G}qWd/|^KMeݻ#,]_rzxl\ZTv8YmdNfr\"RCg3+8D5~^>\Z3 xO~m /bm6 J\nnuavOĊO\'Gy3k*|7Ͼtoq/~PRw\'(`||^:mEH,@V$-J$$^f.SI{y$$kU\"\n$@~}`\\8r90.{	Etwʸ26Bj wp% S5ȓϽ_rvi.[xUbd_bg/b#gZG&Y?N É\0OAEH9UHH-T3I	bBU:\\)J#\\Dt?ǉ$ _DczĄȷj[d]tJwٮS3V_OWO!|R\n(0OLE?G_)|#\0,(JDYXW`NKI\rq:Cj\0@\\yJ٫-#l\0\"ߒ\0Q !bgQ;f44nN)s_\'T\\t|+h飊,JJƩwNqꭨ¢XzZ܈$dhz?󟞏(~Xҳ \"#%ӊaMNwcAx6P~@tmzAH	]z[-?Ԋ+-11SlM4j&L*9w|۽ٗ_֕Ͼ|\' ?B!/\"hPx?A#-I7	ˡv\0EaO g\0~p9#@\"-l	AMH9(0Qg%(I3xGzΞ@lj`CaK\nF]txk{jy9ꗉp	NB\0@B>okuOsנ&!vkC @kwTWwՎd\rSmԨB922-5,M{gwWxH_rPP~3U8&%2 G>؜E=ܨ*B!\0 !i$\rflٶOk \'rP.W\\`(	 R	KP`^|k\'Ҋ:q5F匶R)u5+,vXzn_ڹwLw5\\?5p8W@r(\nCKr5ҊW.lQp8T& ]\rK)@Uz1Y<UĒsJKk\\Kjll$:um>d;v%\rv*=?<iUyϽC_>?$2<_>?T~\'RѰtݣW00`<I{	앋J\\}a. LmN0?|LAA0f@µGy\0*fu~Eˬ]xEϻ\\v]xv5vsm^SfŖ7\".aC&Y).Twcn\'ȅg(Sb0iH\0\0N$W8_?w_%AQݣqǱ=oRY^m5\\g[rbMzj90ܞ6mi|f2&6X]40,]my]]v7ږ.աQj49$.%TFƗdQa5\0AI:\ZW >ߦ$9gzBlbp_Dgs,_W+<|}l\Z[jwW\"L3bJ\Z=?\"ñapZk62Kx6\"ݢcmLͯB6,2\n,{T%eZ^֫z|RBPCUP-`#z:b#<Hn<ۣ\rPzvt7rd;D*BS_jY6b8~)*L1e?j\r/CeVPPiy+KMM뻦gXNd3f/UٺM\'ڜ+mMKdZ`DR>EU?}sd\"F\'H\0P/ERjuqq-~\n8kWpC>I=@nfXr5Mn\rSE3{_v8.*SlucM>fZhd⨁#gߡ6txE~%˔G[BB\n|Duu?{qg50S \0UF4SGzw\"2յg{8,]q?κ(C-#yHRb w:Px\"\06\r\r-J5Ujl\\MW۸)df۸[tZj[KU-Qx|OAC_;|,,T|\"\0CI:\'qH8ZWSJMżowgaB\0j[r5Ma/ev庍o7{1\'}ֶm3g.܎eƬŶh+,[>C-5fFZC,&\\+*ҒjTrT/;7]IzHw))EFCVDOѽk7֥G.=\"q\\wr*1Vaʬ0G)U&dZr~IRO;>= JmbtUp\r\'),P57j\'̫m݆U:gYRŶmڛ{^{]Ps.4BMl=]Rᄭ$\\O:x2U7Wy]`ɏyǯTΚ3Ee0䎓vۤʟm%lU*O=op\\[nK̗jP\rK^rXY\0AAP[Uѳ 4+]c5&YJE1OwABÒ&)N)ɫ80R}5B\0jіZvx\0!H9(I*h9PD쀤&ؠ֧ o`3L2JhՍjGLQe6Yn[֪xyeU׶؄Vk>Ϧ.TJZ,]Vj[wg^p@XB*yιa4|G/\"PސwU7\\119:qF!r2[X`MmZkV[;AX15]~$]\'χ-]ζ{wڽ<B\':-]hY2	Rh*YYEֿPo*Sr,f7؆fXìg\ZLjacT\"o]MJҫc֣[O\Z[wW	\Z#D<G<:={vN^zW3*b֚X}Qa#&*匰QfЀz?!e4)XhhO7yZm\r6eb+({fWHykթ\Z&vB\ZZqJCS%+mY7@˔s\r%WU\0;J=Qƕ77,)+.Ңb,KKIUOVR0))֬]M0&9\\;|\rʇw9uɥ)3/YAqʾ:\"I0Z(>(}L7nS+LsHZRJJ/}fxmdTrv~Y-ٍI\0IH-Db\"z\n\0\" ݎl	EȸPa	kTN\0 9<)+Vl,s =tX2Ӌ|879clV5n%[\\B$q\\h㥾KWnu@-ۨp\0i3l`\n۽w=3J;A|ho\'O/*PzK,/2E,+=ͯp8*#&%$ˁCێ\'Z[w{Cٕ7f;쳆3-@frRL1UuB	2ht rlt)$n2z->1ǫc:GGA{Ǩ-vD|2vU>Nֵ$ݻTJ2ztţ~n]ݜbZqRآ\ZG?cjFY>1Jg --9Jj!qOfVbtA2QJ]e)kkXl*KHR?2ۣtiUF&8$yV[/eNj3,k6Km\"ɧ/(}aR_>=	ʫoZ,쾈8)r3Gey#JMNsƾ؜Yw+E+D`dXzv8aQRt<8*0>B\r>`0KIxȠ!	GH3ldG:; \rUK\0#;8dj?U/}H\r\nPt|u=u91~;LHzTUXZYe|Ww,G\0FjY\ZRI*u<P%PH*4ժ\Za-3k*M6fQnE\'H}[U=&MktlUMOYzdTyyvYO>m@1_SrqMJINt\\gii>ژ	4$~d\rn%\'+<lg}-^&6Mܒ*KQM_\\C͛?v-Zm5t@$$dXRr1d\\-==Od[r5S=k՞J5 \Zd)E&{/>vRq̱sw;Ίc&ݭOHT_ (<ѹs[辶~\0{u=FK$\"\0RT{2tkGɜR/GbCP!8YL.ެL^OJnxuRb.[q<qcUL~Rۼu͝Lq\rKj\'6YM]5X|9u_|d}IBu/h3dPT-+:\'7cV͟nCIhܳM6idObRJMU6>s>1Ul}\rVUCMaP064ΆQIKL<I\\TAR0HvJ,UbD(;wG+ޡWg7;ꨣ\Z{.?Q}ȯW)R^*x(UݻEIz[c]?(T>\'*¤hɬ9oԭOCOJ1\"U|LkgْlV7a2e@X*2sj۾c*ѕz~{:\0O$SZfi-6k\\W?R/;o;4@B	3X$@G%ۨ+L(2-pb[6*3׆\rW)+4ƌ\"Ze\02P$oz̙dg\'\ny3R]S6#41GwM5HUGuqJ;ȣ[TV,d@AL~/Y;ˌz*]ׅ%PM&Ujwگ{;TR@8;\01IRCb<^)?wR;?G8έ\Z*9{UTM_(:/1:s-Z0yRd|rl\\1%PWZcb/w=֟T(}vwZ|Bul6P+H3߸\0NTe\"aE2kmޜP?Y_~#㔪tRi \'Y\\RMlmzdBW\\=d^q\\TL<ivz׹r1ɒv@\"\0	cհGu{\ZHt&twp\"\"@	<OP\n~}{ILy`Zi`QGv(HM\0ezC,ndu8(tܢݻW?OIIqH!CIXפ+\0ٖQf#ci6(&3TUX}<j5-2\'\'On\'tpNu|*EOw޳x\r?<LIʹNR\nL,gSII^sr~eg	qi>/Z_jH>PMgy/4(!qd$!3_n>+Rs<7G˛\0J_$U@\0$(	\0Kx~R+Ҏҋ\Z	֥W%	ׇ:FP&X\0FkG\rPnS*TH\0裎\0ngoݠ&=h?RLvHOɖ+TØѠA	&َ=u9زrEVS=E员o5V9Kcb%kaUaNc-3٢El~FuE\ZMvRr/\"%nhYB2SݼVWV8 \"%EE{zRg<+ҷ^k3f.*]1Q}NFOt5	,=EfU\"AARt<Š$GUq>@E~G\'Pt0d.I9ˬ-y~g	 m$܇D**mM1BI7B\0\0Xؑ쪁vX5|*$1Ofʷѕ$/\0n=b!_3s4%;\\p2)N*c~۸E.\\GR󴍓HaV5(y+Wq?Uc։5@+`Zfh؆umV^:FR_(5-F\nAq2Y*fZa͓CB(K>>)&7Xa0am([{Gg\0#=-}	jB/룼LiW_=bz)rxP_*E!^ݺ\"88GX7GJюvpQTX*xAAP	K+,-ORS|IN$2-\Z#Փ*2H/JYZg-vO>֮ߩ;E2ΊZ~>Q{\n^Ljj[fN[nU䥗_s%IRQ~3GsNJj\0):k6̛o-3lʧzS~|Y/yesUlʴ6w*>mm>P[cQ1v$@\0JB*h#c|(Hmee1\'\Zy 	?S_\Z*S/[&AQNt?\0#sԱvnOul	T4\0hA%UGJ41)*,M3PmHa0\rHX*$cN	U\Zb	\\_+E٧Bbw`|,#=WyXersM:MH.?t%픩?Dz )ʋJlf1uU)\n8ŦNiUNdVvOQfQn4?F#,/\Z][R*k1]>#?ex7轤\"G2mrE@Q$FDD~p),R$Q=za\0gq)0~\'H\0gOcR9%J_7[#z`tP!)N\n\\**c?p<DQgfg_\\\\^KX\\+|khh1s-].^@`VR [o5V5֬PvG$;5O*I.nC&Ԍ&&z\r2\r+?3nR;$iY:ſ&HbIxB&H8X̵t>ZUH5XL%ŧɯc9`!cV<FQn<$L1;SE\\5F\0 &¹:JBjҡ,v9X#?\04pt>$=}6{F*%\nj]RJⓠQCރظQl6fLedZ\\YEK%kj,XJ,=|X 7DsM$o2Ձ:.RnxQex:؜TRjnݼ|1,st|CR_,7HR0ɺtQψw\'Ե46ʦ?}YA2ln5	=-<z(8j(XtлW!a!Q)ՀTh_I\"X\0W\0pn_E\0`[oU*r\Z%9.jBiEE\0\0H\0|OxT@\0H,LW\"5>Mp1\nĲzf-PF}iciim]dKlphV3%IeuB\'ش3eb<۴qЃX\'</Ul|\'<sVNzJS$&z-O0X\0#zJJ&Ր1VQ3o<L~eT%AQ\0@9P8 qHP%;ޒx@jrܑ*#$]wC2P\rO렞Q!Bgk%!012Ha\Z!7e˘]\Ziѣd(JE3=|\n@9 2TyS̠rJ;wMJbbR~B!P/2j;[o۽3UcjmZ(jkcJǺwL$@ݕ=#	_4F*,j \Za%(	#Sc.)J2*=!=򈮪l:;pV:qXH_5JBc۾oTCr1F~UUJ	m-H\"gg~&P7W6ul>\0kPԑTGwf00kt, :kgTT}SܟlذK%Zb/,lN(Em*0w;^zWaJZ|Z[4Oo#A	e/u}/Ff\\Aǽ	i*5\ZTEc0p S3<.eI<\ZU!\0)8c]]_\0XP1G?h\\5 KCcRCScМ\"yF^dȪPPa1Rm{Q	HP>\'\nwÏ(I$\0O$(Χxݠ\"̎s\n	jYU]d<ҽT3Ji<Ji\n02a$yVʕ[VUUL-Bz8I626֯bv{N`t:Qݔ&Z`PJO=0N6IƊ|\r$&g/$|!z8\0R_d\r&{p\0\0PQ{\"ErTj/8XXoPNbܤ	Ss93a|t_5*FkQu>RD2uQ9U AA9\Z\'(4,\Z3PCIS	\\5:&T +UTb>OJw=wV30G3q4[z-X+Q2PJP|NQNu㛭WzLnƍsʗ@B	Ca.3u@2vUA411NdI0 a)fx|tMnfYU)&l9@JKv\ZBz!\0Ѿ/v=HP\0 9|DVf`a4&x.`g,F[n@HHo \0	<a*.:\nU)&5۩cT~YpRGY3.t<:&11!Ynz.]+X6|h{*T`*{juiq}ʊ\Z\0BbxF̥0?|fdFxZ0o\ZSjYo[#2X+<vjA @4s$%L\0iC` AI2܎sM*e}[w_rE>cXYGWCyM\Zsgx GT\\#X^P\"	Le,Ee|brJLs4\'ṮShK+\'q.ϔ)sw3U%6](\0dlPRYSiiϬb7F)rI\n$$0ɛS_^:\'9(́+\'8ރ|ָZ++|a 6FH1Rj{s\ZEH9(\0=KD`e+wPrMeHrr\0E/U)}YX\0틠 i4JPVǇe,\0t\ZjMc:oT7T&:[[ӔEY1q*G)(y$O2bX\'%Xrvܹ˽:<Ԓf\"n\0_lL8R=9$̼)ojBQUT1F,$)\0x΢F148%L/@\0BI1F=t?P}3g\\H/4iĐP) vot`DAmMD\'۞JGzxpLHt(\rKء~!|^E\n0-=۪ԣH\0&Jƹ:ǎ`r4:5\r6q[,;mM.!5?šRF4S[\'|TQ }\Zjo>8X(|Qs,[#9L\'pp`z*Ê+Lc>44si <qGv|`uQRάl3ga_\"ClM\Z}AQ%\0HgmSDYVtg@5Pcp\r`#{;$U}	\00i\Z58BD-r$%Nk&\n:eOŰʯ/`Hx0F.gbpf0#8 _B(S0<h_\\A(\Z\ZF0OCf0@LeT>Ѓlޓx\rPgqx>ʁ:`\0;V`a<(q.@KA8nq8^4jr\0T(5&]0.B4(	$=r*Հfr!+\nڃQUj7xJ4`rŘq\ZU̴Ex]p\0҉~%I!*|a(u<p\0o\r\r0B/qi0\Z#J\rJA)H7</\0\0\nUqWs?\"\0ޓ4hc?A5L\"#RV\ZE @Ajam 1\08.@B1h\0\0#8<??8)WF3ƒKt,f&~H9#Jd>#K%W*U+ڒBN\0+)1csm%$(V0BCΤW?6`@4bx\Z\0Gy[d=\ZhB\rDcx\n`N)(\0\Z\ZTCڡ=y?\rPx@a0PQcxR\n[\0	UpyjRCи|\Z>	)^K\"U8<Sq\Z\"?JH$@sp}GGXl>{BWvA0<\rdO~q\Z+K$aYNv{\rL\'O\\I\"	B]#|ABlJr\\Xdcϣh4zw4dGP\0\0Ph|@GYT&@Bj`$hĠVhʰ oXc\Z|GP>XJ(\'%xwF\rrRNE!(8%~1ۣy_! NXMPyE|cnnd`rB\ZJP*N3:ަnDQVZ1/:tXFI\"UJaΆX;)F\Z竽rׯ}_닰H/1Oxu_[ίg?Ja\ZF\r\0CɌ^2>3:ʷ~9N4y39^|\"|O?mx;>׿WmW\\K\ZZkñ3\n4zTy]N~_G^Y,S0|9YQs`-,jNWMݻ\0\0\0\0IENDB`'),('77152460','ARCESIO','VELEZ','1967-09-16',20001,'8cb2237d0679ca88db6464eac60da96345513964','nomail@nomail1.com',''),('77153748','ALDEMAR','PALMERA ','1980-01-01',20001,'8cb2237d0679ca88db6464eac60da96345513964','nomail@nomail2.com',''),('77160971','ALBER','ROSADO','1976-03-29',20001,'8cb2237d0679ca88db6464eac60da96345513964','nomail@nomail3.com',''),('7716207','ALVARO','VILLALOBOS ','1980-01-01',20001,'8cb2237d0679ca88db6464eac60da96345513964','nomail@nomail4.com','');
/*!40000 ALTER TABLE `usuario` ENABLE KEYS */;
UNLOCK TABLES;
/*!40103 SET TIME_ZONE=@OLD_TIME_ZONE */;

/*!40101 SET SQL_MODE=@OLD_SQL_MODE */;
/*!40014 SET FOREIGN_KEY_CHECKS=@OLD_FOREIGN_KEY_CHECKS */;
/*!40014 SET UNIQUE_CHECKS=@OLD_UNIQUE_CHECKS */;
/*!40101 SET CHARACTER_SET_CLIENT=@OLD_CHARACTER_SET_CLIENT */;
/*!40101 SET CHARACTER_SET_RESULTS=@OLD_CHARACTER_SET_RESULTS */;
/*!40101 SET COLLATION_CONNECTION=@OLD_COLLATION_CONNECTION */;
/*!40111 SET SQL_NOTES=@OLD_SQL_NOTES */;

-- Dump completed on 2013-05-20 13:14:25
