-- phpMyAdmin SQL Dump
-- version 3.5.2.2
-- http://www.phpmyadmin.net
--
-- Servidor: 127.0.0.1
-- Tiempo de generación: 12-06-2013 a las 12:44:32
-- Versión del servidor: 5.5.27
-- Versión de PHP: 5.4.7

SET SQL_MODE="NO_AUTO_VALUE_ON_ZERO";
SET time_zone = "+00:00";


/*!40101 SET @OLD_CHARACTER_SET_CLIENT=@@CHARACTER_SET_CLIENT */;
/*!40101 SET @OLD_CHARACTER_SET_RESULTS=@@CHARACTER_SET_RESULTS */;
/*!40101 SET @OLD_COLLATION_CONNECTION=@@COLLATION_CONNECTION */;
/*!40101 SET NAMES utf8 */;

--
-- Base de datos: `test`
--

DELIMITER $$
--
-- Procedimientos
--
CREATE DEFINER=`root`@`localhost` PROCEDURE `test_multi_sets`()
    DETERMINISTIC
begin
        select user() as first_col;
        select user() as first_col, now() as second_col;
        select user() as first_col, now() as second_col, now() as third_col;
        end$$

DELIMITER ;

-- --------------------------------------------------------

--
-- Estructura de tabla para la tabla `ciudad`
--

CREATE TABLE IF NOT EXISTS `ciudad` (
  `idciudad` int(11) NOT NULL,
  `nombre` varchar(245) NOT NULL,
  `iddepto` int(11) NOT NULL,
  PRIMARY KEY (`idciudad`),
  KEY `fk_ciudad_departamento_idx` (`iddepto`)
) ENGINE=InnoDB DEFAULT CHARSET=utf8;

--
-- Volcado de datos para la tabla `ciudad`
--

INSERT INTO `ciudad` (`idciudad`, `nombre`, `iddepto`) VALUES
(5001, 'MEDELLIN', 5),
(5002, 'ABEJORRAL', 5),
(5004, 'ABRIAQUI', 5),
(5021, 'ALEJANDRIA', 5),
(5030, 'AMAGA', 5),
(5031, 'AMALFI', 5),
(5034, 'ANDES', 5),
(5036, 'ANGELOPOLIS', 5),
(5038, 'ANGOSTURA', 5),
(5040, 'ANORI', 5),
(5042, 'ANTIOQUIA', 5),
(5044, 'ANZA', 5),
(5045, 'APARTADO', 5),
(5051, 'ARBOLETES', 5),
(5055, 'ARGELIA', 5),
(5059, 'ARMENIA', 5),
(5079, 'BARBOSA', 5),
(5086, 'BELMIRA', 5),
(5088, 'BELLO', 5),
(5091, 'BETANIA', 5),
(5093, 'BETULIA', 5),
(5101, 'BOLIVAR', 5),
(5107, 'BRICEÑO', 5),
(5113, 'BURITICA', 5),
(5120, 'CACERES', 5),
(5125, 'CAICEDO', 5),
(5129, 'CALDAS', 5),
(5134, 'CAMPAMENTO', 5),
(5138, 'CAÑASGORDAS', 5),
(5142, 'CARACOLI', 5),
(5145, 'CARAMANTA', 5),
(5147, 'CAREPA', 5),
(5148, 'CARMEN DE VIBORAL', 5),
(5150, 'CAROLINA', 5),
(5154, 'CAUCASIA', 5),
(5172, 'CHIGORODO', 5),
(5190, 'CISNEROS', 5),
(5197, 'COCORNA', 5),
(5206, 'CONCEPCION', 5),
(5209, 'CONCORDIA', 5),
(5212, 'COPACABANA', 5),
(5234, 'DABEIBA', 5),
(5237, 'DON MATIAS', 5),
(5240, 'EBEJICO', 5),
(5250, 'EL BAGRE', 5),
(5264, 'ENTRERRIOS', 5),
(5266, 'ENVIGADO', 5),
(5282, 'FREDONIA', 5),
(5284, 'FRONTINO', 5),
(5306, 'GIRALDO', 5),
(5308, 'GIRARDOTA', 5),
(5310, 'GOMEZ PLATA', 5),
(5313, 'GRANADA', 5),
(5315, 'GUADALUPE', 5),
(5318, 'GUARNE', 5),
(5321, 'GUATAPE', 5),
(5347, 'HELICONIA', 5),
(5353, 'HISPANIA', 5),
(5360, 'ITAGUI', 5),
(5361, 'ITUANGO', 5),
(5364, 'JARDIN', 5),
(5368, 'JERICO', 5),
(5376, 'LA CEJA', 5),
(5380, 'LA ESTRELLA', 5),
(5390, 'LA PINTADA', 5),
(5400, 'LA UNION', 5),
(5411, 'LIBORINA', 5),
(5425, 'MACEO', 5),
(5440, 'MARINILLA', 5),
(5467, 'MONTEBELLO', 5),
(5475, 'MURINDO', 5),
(5480, 'MUTATA', 5),
(5483, 'NARIÑO', 5),
(5490, 'NECOCLI', 5),
(5495, 'NECHI', 5),
(5501, 'OLAYA', 5),
(5520, 'SANTAFE DE ANTIOQUIA', 5),
(5541, 'PEÑOL', 5),
(5543, 'PEQUE', 5),
(5576, 'PUEBLORRICO', 5),
(5579, 'PUERTO BERRIO', 5),
(5585, 'PUERTO NARE (LA MAGDALENA)', 5),
(5591, 'PUERTO TRIUNFO', 5),
(5604, 'REMEDIOS', 5),
(5607, 'RETIRO', 5),
(5615, 'RIONEGRO', 5),
(5628, 'SABANALARGA', 5),
(5631, 'SABANETA', 5),
(5642, 'SALGAR', 5),
(5647, 'SAN ANDRES', 5),
(5649, 'SAN CARLOS', 5),
(5652, 'SAN FRANCISCO', 5),
(5656, 'SAN JERONIMO', 5),
(5658, 'SAN JOSE DE LA MONTAÑA', 5),
(5659, 'SAN JUAN DE URABA', 5),
(5660, 'SAN LUIS', 5),
(5664, 'SAN PEDRO', 5),
(5665, 'SAN PEDRO DE URABA', 5),
(5667, 'SAN RAFAEL', 5),
(5670, 'SAN ROQUE', 5),
(5674, 'SAN VICENTE', 5),
(5679, 'SANTA BARBARA', 5),
(5686, 'SANTA ROSA DE OSOS', 5),
(5690, 'SANTO DOMINGO', 5),
(5697, 'SANTUARIO', 5),
(5736, 'SEGOVIA', 5),
(5756, 'SONSON', 5),
(5761, 'SOPETRAN', 5),
(5789, 'TAMESIS', 5),
(5790, 'TARAZA', 5),
(5792, 'TARSO', 5),
(5809, 'TITIRIBI', 5),
(5819, 'TOLEDO', 5),
(5837, 'TURBO', 5),
(5842, 'URAMITA', 5),
(5847, 'URRAO', 5),
(5854, 'VALDIVIA', 5),
(5856, 'VALPARAISO', 5),
(5858, 'VEGACHI', 5),
(5861, 'VENECIA', 5),
(5873, 'VIGIA DEL FUERTE', 5),
(5885, 'YALI', 5),
(5887, 'YARUMAL', 5),
(5890, 'YOLOMBO', 5),
(5893, 'YONDO (CASABE)', 5),
(5895, 'ZARAGOZA', 5),
(8001, 'BARRANQUILLA', 8),
(8078, 'BARANOA', 8),
(8137, 'CAMPO DE LA CRUZ', 8),
(8141, 'CANDELARIA', 8),
(8296, 'GALAPA', 8),
(8372, 'JUAN DE ACOSTA', 8),
(8421, 'LURUACO', 8),
(8433, 'MALAMBO', 8),
(8436, 'MANATI', 8),
(8520, 'PALMAR DE VARELA', 8),
(8549, 'PIOJO', 8),
(8558, 'POLONUEVO', 8),
(8560, 'PONEDERA', 8),
(8573, 'PUERTO COLOMBIA', 8),
(8606, 'REPELON', 8),
(8634, 'SABANAGRANDE', 8),
(8638, 'SABANALARGA', 8),
(8675, 'SANTA LUCIA', 8),
(8685, 'SANTO TOMAS', 8),
(8758, 'SOLEDAD', 8),
(8770, 'SUAN', 8),
(8832, 'TUBARA', 8),
(8849, 'USIACURI', 8),
(9000, 'SIN MUNICIPIO', 9),
(11001, 'BOGOTA D.C.', 11),
(13001, 'CARTAGENA', 13),
(13006, 'ACHI', 13),
(13030, 'ALTOS DEL ROSARIO', 13),
(13042, 'ARENAL', 13),
(13052, 'ARJONA', 13),
(13062, 'ARROYOHONDO', 13),
(13074, 'BARRANCO DE LOBA', 13),
(13140, 'CALAMAR', 13),
(13160, 'CANTAGALLO', 13),
(13188, 'CICUCO', 13),
(13212, 'CORDOBA', 13),
(13222, 'CLEMENCIA', 13),
(13244, 'EL CARMEN DE BOLIVAR', 13),
(13248, 'EL GUAMO', 13),
(13268, 'EL PEÑON', 13),
(13300, 'HATILLO DE LOBA', 13),
(13430, 'MAGANGUE', 13),
(13433, 'MAHATES', 13),
(13440, 'MARGARITA', 13),
(13442, 'MARIA LA BAJA', 13),
(13458, 'MONTECRISTO', 13),
(13468, 'MOMPOS', 13),
(13473, 'MORALES', 13),
(13549, 'PINILLOS', 13),
(13580, 'REGIDOR', 13),
(13600, 'RIO VIEJO', 13),
(13620, 'SAN CRISTOBAL', 13),
(13647, 'SAN ESTANISLAO', 13),
(13650, 'SAN FERNANDO', 13),
(13654, 'SAN JACINTO', 13),
(13655, 'SAN JACINTO DEL CAUCA', 13),
(13657, 'SAN JUAN NEPOMUCENO', 13),
(13667, 'SAN MARTIN DE LOBA', 13),
(13670, 'SAN PABLO', 13),
(13673, 'SANTA CATALINA', 13),
(13683, 'SANTA ROSA', 13),
(13688, 'SANTA ROSA DEL SUR', 13),
(13744, 'SIMITI', 13),
(13760, 'SOPLAVIENTO', 13),
(13780, 'TALAIGUA NUEVO', 13),
(13810, 'TIQUISIO (PUERTO RICO)', 13),
(13836, 'TURBACO', 13),
(13838, 'TURBANA', 13),
(13873, 'VILLANUEVA', 13),
(13894, 'ZAMBRANO', 13),
(15001, 'TUNJA', 15),
(15022, 'ALMEIDA', 15),
(15047, 'AQUITANIA', 15),
(15051, 'ARCABUCO', 15),
(15087, 'BELEN', 15),
(15090, 'BERBEO', 15),
(15092, 'BETEITIVA', 15),
(15097, 'BOAVITA', 15),
(15104, 'BOYACA', 15),
(15106, 'BRICEÑO', 15),
(15109, 'BUENAVISTA', 15),
(15114, 'BUSBANZA', 15),
(15131, 'CALDAS', 15),
(15135, 'CAMPOHERMOSO', 15),
(15162, 'CERINZA', 15),
(15172, 'CHINAVITA', 15),
(15176, 'CHIQUINQUIRA', 15),
(15180, 'CHISCAS', 15),
(15183, 'CHITA', 15),
(15185, 'CHITARAQUE', 15),
(15187, 'CHIVATA', 15),
(15189, 'CIENEGA', 15),
(15204, 'COMBITA', 15),
(15212, 'COPER', 15),
(15215, 'CORRALES', 15),
(15218, 'COVARACHIA', 15),
(15223, 'CUBARA', 15),
(15224, 'CUCAITA', 15),
(15226, 'CUITIVA', 15),
(15232, 'CHIQUIZA', 15),
(15236, 'CHIVOR', 15),
(15238, 'DUITAMA', 15),
(15244, 'EL COCUY', 15),
(15248, 'EL ESPINO', 15),
(15272, 'FIRAVITOBA', 15),
(15276, 'FLORESTA', 15),
(15293, 'GACHANTIVA', 15),
(15296, 'GAMEZA', 15),
(15299, 'GARAGOA', 15),
(15317, 'GUACAMAYAS', 15),
(15322, 'GUATEQUE', 15),
(15325, 'GUAYATA', 15),
(15332, 'GUICAN', 15),
(15362, 'IZA', 15),
(15367, 'JENESANO', 15),
(15368, 'JERICO', 15),
(15377, 'LABRANZAGRANDE', 15),
(15380, 'LA CAPILLA', 15),
(15401, 'LA VICTORIA', 15),
(15403, 'LA UVITA', 15),
(15407, 'VILLA DE LEYVA', 15),
(15425, 'MACANAL', 15),
(15442, 'MARIPI', 15),
(15455, 'MIRAFLORES', 15),
(15464, 'MONGUA', 15),
(15466, 'MONGUI', 15),
(15469, 'MONIQUIRA', 15),
(15476, 'MOTAVITA', 15),
(15480, 'MUZO', 15),
(15491, 'NOBSA', 15),
(15494, 'NUEVO COLON', 15),
(15500, 'OICATA', 15),
(15507, 'OTANCHE', 15),
(15511, 'PACHAVITA', 15),
(15514, 'PAEZ', 15),
(15516, 'PAIPA', 15),
(15518, 'PAJARITO', 15),
(15522, 'PANQUEBA', 15),
(15531, 'PAUNA', 15),
(15533, 'PAYA', 15),
(15537, 'PAZ DE RIO', 15),
(15542, 'PESCA', 15),
(15550, 'PISVA', 15),
(15572, 'PUERTO BOYACA', 15),
(15580, 'QUIPAMA', 15),
(15599, 'RAMIRIQUI', 15),
(15600, 'RAQUIRA', 15),
(15621, 'RONDON', 15),
(15632, 'SABOYA', 15),
(15638, 'SACHICA', 15),
(15646, 'SAMACA', 15),
(15660, 'SAN EDUARDO', 15),
(15664, 'SAN JOSE DE PARE', 15),
(15667, 'SAN LUIS DE GACENO', 15),
(15673, 'SAN MATEO', 15),
(15676, 'SAN MIGUEL DE SEMA', 15),
(15681, 'SAN PABLO DE BORBUR', 15),
(15686, 'SANTANA', 15),
(15690, 'SANTA MARIA', 15),
(15693, 'SANTA ROSA DE VITERBO', 15),
(15696, 'SANTA SOFIA', 15),
(15720, 'SATIVANORTE', 15),
(15723, 'SATIVASUR', 15),
(15740, 'SIACHOQUE', 15),
(15753, 'SOATA', 15),
(15755, 'SOCOTA', 15),
(15757, 'SOCHA', 15),
(15759, 'SOGAMOSO', 15),
(15761, 'SOMONDOCO', 15),
(15762, 'SORA', 15),
(15763, 'SOTAQUIRA', 15),
(15764, 'SORACA', 15),
(15774, 'SUSACON', 15),
(15776, 'SUTAMARCHAN', 15),
(15778, 'SUTATENZA', 15),
(15790, 'TASCO', 15),
(15798, 'TENZA', 15),
(15804, 'TIBANA', 15),
(15806, 'TIBASOSA', 15),
(15808, 'TINJACA', 15),
(15810, 'TIPACOQUE', 15),
(15814, 'TOCA', 15),
(15816, 'TOGUI', 15),
(15820, 'TOPAGA', 15),
(15822, 'TOTA', 15),
(15832, 'TUNUNGUA', 15),
(15835, 'TURMEQUE', 15),
(15837, 'TUTA', 15),
(15839, 'TUTASA', 15),
(15842, 'UMBITA', 15),
(15861, 'VENTAQUEMADA', 15),
(15879, 'VIRACACHA', 15),
(15897, 'ZETAQUIRA', 15),
(17001, 'MANIZALES', 17),
(17013, 'AGUADAS', 17),
(17042, 'ANSERMA', 17),
(17050, 'ARANZAZU', 17),
(17088, 'BELALCAZAR', 17),
(17174, 'CHINCHINA', 17),
(17272, 'FILADELFIA', 17),
(17380, 'LA DORADA', 17),
(17388, 'LA MERCED', 17),
(17433, 'MANZANARES', 17),
(17442, 'MARMATO', 17),
(17444, 'MARQUETALIA', 17),
(17446, 'MARULANDA', 17),
(17486, 'NEIRA', 17),
(17495, 'NORCASIA', 17),
(17513, 'PACORA', 17),
(17524, 'PALESTINA', 17),
(17541, 'PENSILVANIA', 17),
(17614, 'RIOSUCIO', 17),
(17616, 'RISARALDA', 17),
(17653, 'SALAMINA', 17),
(17662, 'SAMANA', 17),
(17665, 'SAN JOSE', 17),
(17777, 'SUPIA', 17),
(17867, 'VICTORIA', 17),
(17873, 'VILLAMARIA', 17),
(17877, 'VITERBO', 17),
(18001, 'FLORENCIA', 18),
(18029, 'ALBANIA', 18),
(18094, 'BELEN DE LOS ANDAQUIES', 18),
(18150, 'CARTAGENA DEL CHAIRA', 18),
(18205, 'CURILLO', 18),
(18247, 'EL DONCELLO', 18),
(18256, 'EL PAUJIL', 18),
(18410, 'LA MONTAÑITA', 18),
(18460, 'MILAN', 18),
(18479, 'MORELIA', 18),
(18592, 'PUERTO RICO', 18),
(18610, 'SAN JOSE DEL FRAGUA', 18),
(18753, 'SAN VICENTE DEL CAGUAN', 18),
(18756, 'SOLANO', 18),
(18785, 'SOLITA', 18),
(18860, 'VALPARAISO', 18),
(19001, 'POPAYAN', 19),
(19022, 'ALMAGUER', 19),
(19050, 'ARGELIA', 19),
(19075, 'BALBOA', 19),
(19100, 'BOLIVAR', 19),
(19110, 'BUENOS AIRES', 19),
(19130, 'CAJIBIO', 19),
(19137, 'CALDONO', 19),
(19142, 'CALOTO', 19),
(19212, 'CORINTO', 19),
(19256, 'EL TAMBO', 19),
(19290, 'FLORENCIA', 19),
(19318, 'GUAPI', 19),
(19355, 'INZA', 19),
(19364, 'JAMBALO', 19),
(19392, 'LA SIERRA', 19),
(19397, 'LA VEGA', 19),
(19418, 'LOPEZ (MICAY)', 19),
(19450, 'MERCADERES', 19),
(19455, 'MIRANDA', 19),
(19473, 'MORALES', 19),
(19513, 'PADILLA', 19),
(19517, 'PAEZ (BELALCAZAR)', 19),
(19532, 'PATIA(EL BORDO)', 19),
(19533, 'PIAMONTE', 19),
(19548, 'PIENDAMO', 19),
(19573, 'PUERTO TEJADA', 19),
(19585, 'PURACE (COCONUCO)', 19),
(19622, 'ROSAS', 19),
(19693, 'SAN SEBASTIAN', 19),
(19698, 'SANTANDER DE QUILICHAO', 19),
(19701, 'SANTA ROSA', 19),
(19743, 'SILVIA', 19),
(19760, 'SOTARA (PAISPAMBA)', 19),
(19780, 'SUAREZ', 19),
(19785, 'SUCRE', 19),
(19807, 'TIMBIO', 19),
(19809, 'TIMBIQUI', 19),
(19821, 'TORIBIO', 19),
(19824, 'TOTORO', 19),
(19845, 'VILLA RICA', 19),
(20001, 'VALLEDUPAR', 20),
(20011, 'AGUACHICA', 20),
(20013, 'AGUSTIN CODAZZI', 20),
(20032, 'ASTREA', 20),
(20045, 'BECERRIL', 20),
(20060, 'BOSCONIA', 20),
(20175, 'CHIMICHAGUA', 20),
(20178, 'CHIRIGUANA', 20),
(20228, 'CURUMANI', 20),
(20238, 'EL COPEY', 20),
(20250, 'EL PASO', 20),
(20295, 'GAMARRA', 20),
(20310, 'GONZALEZ', 20),
(20383, 'LA GLORIA', 20),
(20400, 'LA JAGUA DE IBIRICO', 20),
(20443, 'MANAURE BALCON DEL CESAR', 20),
(20517, 'PAILITAS', 20),
(20550, 'PELAYA', 20),
(20570, 'PUEBLO BELLO', 20),
(20614, 'RIO DE ORO', 20),
(20621, 'LA PAZ (ROBLES)', 20),
(20710, 'SAN ALBERTO', 20),
(20750, 'SAN DIEGO', 20),
(20770, 'SAN MARTIN', 20),
(20787, 'TAMALAMEQUE', 20),
(20788, 'CODAZZI', 20),
(23001, 'MONTERIA', 23),
(23068, 'AYAPEL', 23),
(23079, 'BUENAVISTA', 23),
(23090, 'CANALETE', 23),
(23162, 'CERETE', 23),
(23168, 'CHIMA', 23),
(23182, 'CHINU', 23),
(23189, 'CIENAGA DE ORO', 23),
(23300, 'COTORRA', 23),
(23350, 'LA APARTADA (LA FRONTERA)', 23),
(23417, 'LORICA', 23),
(23419, 'LOS CORDOBAS', 23),
(23464, 'MOMIL', 23),
(23466, 'MONTELIBANO', 23),
(23500, 'MOÑITOS', 23),
(23555, 'PLANETA RICA', 23),
(23570, 'PUEBLO NUEVO', 23),
(23574, 'PUERTO ESCONDIDO', 23),
(23580, 'PUERTO LIBERTADOR', 23),
(23586, 'PURISIMA', 23),
(23660, 'SAHAGUN', 23),
(23670, 'SAN ANDRES SOTAVENTO', 23),
(23672, 'SAN ANTERO', 23),
(23675, 'SAN BERNARDO DEL VIENTO', 23),
(23678, 'SAN CARLOS', 23),
(23686, 'SAN PELAYO', 23),
(23807, 'TIERRALTA', 23),
(23855, 'VALENCIA', 23),
(25001, 'AGUA DE DIOS', 25),
(25019, 'ALBAN', 25),
(25035, 'ANAPOIMA', 25),
(25040, 'ANOLAIMA', 25),
(25053, 'ARBELAEZ', 25),
(25086, 'BELTRAN', 25),
(25095, 'BITUIMA', 25),
(25099, 'BOJACA NUEVO', 25),
(25120, 'CABRERA', 25),
(25123, 'CACHIPAY', 25),
(25126, 'CAJICA', 25),
(25148, 'CAPARRAPI', 25),
(25151, 'CAQUEZA', 25),
(25154, 'CARMEN DE CARUPA', 25),
(25168, 'CHAGUANI', 25),
(25175, 'CHIA', 25),
(25178, 'CHIPAQUE', 25),
(25181, 'CHOACHI', 25),
(25183, 'CHOCONTA', 25),
(25200, 'COGUA', 25),
(25214, 'COTA', 25),
(25224, 'CUCUNUBA', 25),
(25245, 'EL COLEGIO', 25),
(25258, 'EL PEÑON', 25),
(25260, 'EL ROSAL', 25),
(25269, 'FACATATIVA', 25),
(25279, 'FOMEQUE', 25),
(25281, 'FOSCA', 25),
(25286, 'FUNZA', 25),
(25288, 'FUQUENE', 25),
(25290, 'FUSAGASUGA', 25),
(25293, 'GACHALA', 25),
(25295, 'GACHANCIPA', 25),
(25297, 'GACHETA', 25),
(25299, 'GAMA', 25),
(25307, 'GIRARDOT', 25),
(25312, 'GRANADA', 25),
(25317, 'GUACHETA', 25),
(25320, 'GUADUAS', 25),
(25322, 'GUASCA', 25),
(25324, 'GUATAQUI', 25),
(25326, 'GUATAVITA', 25),
(25328, 'GUAYABAL DE SIQUIMA', 25),
(25335, 'GUAYABETAL', 25),
(25339, 'GUTIERREZ', 25),
(25368, 'JERUSALEN', 25),
(25372, 'JUNIN', 25),
(25377, 'LA CALERA', 25),
(25386, 'LA MESA', 25),
(25394, 'LA PALMA', 25),
(25398, 'LA PEÑA', 25),
(25402, 'LA VEGA', 25),
(25407, 'LENGUAZAQUE', 25),
(25426, 'MACHETA', 25),
(25430, 'MADRID', 25),
(25436, 'MANTA', 25),
(25438, 'MEDINA', 25),
(25473, 'MOSQUERA', 25),
(25483, 'NARIÑO', 25),
(25486, 'NEMOCON', 25),
(25488, 'NILO', 25),
(25489, 'NIMAIMA', 25),
(25491, 'NOCAIMA', 25),
(25506, 'VENECIA (OSPINA PEREZ)', 25),
(25513, 'PACHO', 25),
(25518, 'PAIME', 25),
(25524, 'PANDI', 25),
(25530, 'PARATEBUENO', 25),
(25535, 'PASCA', 25),
(25572, 'PUERTO SALGAR', 25),
(25580, 'PULI', 25),
(25592, 'QUEBRADANEGRA', 25),
(25594, 'QUETAME', 25),
(25596, 'QUIPILE', 25),
(25599, 'RAFAEL REYES (APULO)', 25),
(25612, 'RICAURTE', 25),
(25645, 'SAN ANTONIO DE TEQUENDAMA', 25),
(25649, 'SAN BERNARDO', 25),
(25653, 'SAN CAYETANO', 25),
(25658, 'SAN FRANCISCO', 25),
(25662, 'SAN JUAN DE RIO SECO', 25),
(25663, 'BOGOTA D.C', 25),
(25718, 'SASAIMA', 25),
(25736, 'SESQUILE', 25),
(25740, 'SIBATE', 25),
(25743, 'SILVANIA', 25),
(25745, 'SIMIJACA', 25),
(25754, 'SOACHA', 25),
(25758, 'SOPO', 25),
(25769, 'SUBACHOQUE', 25),
(25772, 'SUESCA', 25),
(25777, 'SUPATA', 25),
(25779, 'SUSA', 25),
(25781, 'SUTATAUSA', 25),
(25785, 'TABIO', 25),
(25793, 'TAUSA', 25),
(25797, 'TENA', 25),
(25799, 'TENJO', 25),
(25805, 'TIBACUY', 25),
(25807, 'TIBIRITA', 25),
(25815, 'TOCAIMA', 25),
(25817, 'TOCANCIPA', 25),
(25823, 'TOPAIPI', 25),
(25839, 'UBALA', 25),
(25841, 'UBAQUE', 25),
(25843, 'UBATE', 25),
(25845, 'UNE', 25),
(25851, 'UTICA', 25),
(25862, 'VERGARA', 25),
(25867, 'VIANI', 25),
(25871, 'VILLAGOMEZ', 25),
(25873, 'VILLAPINZON', 25),
(25875, 'VILLETA', 25),
(25878, 'VIOTA', 25),
(25885, 'YACOPI', 25),
(25898, 'ZIPACON', 25),
(25899, 'ZIPAQUIRA', 25),
(27001, 'QUIBDO', 27),
(27006, 'ACANDI', 27),
(27025, 'ALTO BAUDO (PIE DE PATO)', 27),
(27050, 'ATRATO (YUTO)', 27),
(27073, 'BAGADO', 27),
(27075, 'BAHIA SOLANO (MUTIS)', 27),
(27077, 'BAJO BAUDO   (PIZARRO)', 27),
(27086, 'BELEN DE BAJIRA', 27),
(27099, 'BOJAYA (BELLAVISTA)', 27),
(27135, 'CANTON DEL SAN PABLO', 27),
(27150, 'CARMEN DEL DARIEN', 27),
(27160, 'CERTEGUI', 27),
(27205, 'CONDOTO', 27),
(27245, 'EL CARMEN', 27),
(27250, 'EL LITORAL DEL SAN JUAN', 27),
(27361, 'ITSMINA', 27),
(27372, 'JURADO', 27),
(27413, 'LLORO', 27),
(27425, 'MEDIO ATRATO', 27),
(27430, 'MEDIO BAUDO', 27),
(27450, 'MEDIO SAN JUAN', 27),
(27491, 'NOVITA', 27),
(27495, 'NUQUI', 27),
(27580, 'RIO IRO', 27),
(27600, 'RIO QUITO', 27),
(27615, 'RIOSUCIO', 27),
(27660, 'SAN JOSE DEL PALMAR', 27),
(27745, 'SIPI', 27),
(27787, 'TADO', 27),
(27800, 'UNGUIA', 27),
(27810, 'UNION PANAMERICANA', 27),
(41001, 'NEIVA', 41),
(41006, 'ACEVEDO', 41),
(41013, 'AGRADO', 41),
(41016, 'AIPE', 41),
(41020, 'ALGECIRAS', 41),
(41026, 'ALTAMIRA', 41),
(41078, 'BARAYA', 41),
(41132, 'CAMPOALEGRE', 41),
(41206, 'COLOMBIA', 41),
(41244, 'ELIAS', 41),
(41298, 'GARZON', 41),
(41306, 'GIGANTE', 41),
(41319, 'GUADALUPE', 41),
(41349, 'HOBO', 41),
(41357, 'IQUIRA', 41),
(41359, 'ISNOS', 41),
(41378, 'LA ARGENTINA', 41),
(41396, 'LA PLATA', 41),
(41483, 'NATAGA', 41),
(41503, 'OPORAPA', 41),
(41518, 'PAICOL', 41),
(41524, 'PALERMO', 41),
(41530, 'PALESTINA', 41),
(41548, 'PITAL', 41),
(41551, 'PITALITO', 41),
(41615, 'RIVERA', 41),
(41660, 'SALADOBLANCO', 41),
(41668, 'SAN AGUSTIN', 41),
(41676, 'SANTA MARIA', 41),
(41770, 'SUAZA', 41),
(41791, 'TARQUI', 41),
(41797, 'TESALIA', 41),
(41799, 'TELLO', 41),
(41801, 'TERUEL', 41),
(41807, 'TIMANA', 41),
(41872, 'VILLAVIEJA', 41),
(41885, 'YAGUARA', 41),
(44001, 'RIOHACHA', 44),
(44035, 'ALBANIA', 44),
(44078, 'BARRANCAS', 44),
(44090, 'DIBULLA', 44),
(44098, 'DISTRACCION', 44),
(44110, 'EL MOLINO', 44),
(44279, 'FONSECA', 44),
(44378, 'HATONUEVO', 44),
(44420, 'LA JAGUA DEL PILAR', 44),
(44430, 'MAICAO', 44),
(44560, 'MANAURE', 44),
(44650, 'SAN JUAN DEL CESAR', 44),
(44847, 'URIBIA', 44),
(44855, 'URUMITA', 44),
(44874, 'VILLANUEVA', 44),
(47001, 'SANTA MARTA', 47),
(47030, 'ALGARROBO', 47),
(47053, 'ARACATACA', 47),
(47058, 'ARIGUANI (EL DIFICIL)', 47),
(47161, 'CERRO SAN ANTONIO', 47),
(47170, 'CHIVOLO', 47),
(47189, 'CIENAGA', 47),
(47205, 'CONCORDIA', 47),
(47245, 'EL BANCO', 47),
(47258, 'EL PIÑON', 47),
(47268, 'EL RETEN', 47),
(47288, 'FUNDACION', 47),
(47318, 'GUAMAL', 47),
(47460, 'NUEVA GRANADA', 47),
(47541, 'PEDRAZA', 47),
(47545, 'PIJIÑO DEL CARMEN', 47),
(47551, 'PIVIJAY', 47),
(47555, 'PLATO', 47),
(47570, 'PUEBLOVIEJO', 47),
(47605, 'REMOLINO', 47),
(47660, 'SABANAS DE SAN ANGEL', 47),
(47675, 'SALAMINA', 47),
(47692, 'SAN SEBASTIAN DE BUENAVISTA', 47),
(47703, 'SAN ZENON', 47),
(47707, 'SANTA ANA', 47),
(47720, 'SANTA BARBARA DE PINTO', 47),
(47745, 'SITIONUEVO', 47),
(47798, 'TENERIFE', 47),
(47960, 'ZAPAYAN', 47),
(47980, 'ZONA BANANERA', 47),
(50001, 'VILLAVICENCIO', 50),
(50006, 'ACACIAS', 50),
(50110, 'BARRANCA DE UPIA', 50),
(50124, 'CABUYARO', 50),
(50150, 'CASTILLA LA NUEVA', 50),
(50223, 'CUBARRAL', 50),
(50226, 'CUMARAL', 50),
(50245, 'EL CALVARIO', 50),
(50251, 'EL CASTILLO', 50),
(50270, 'EL DORADO', 50),
(50287, 'FUENTE DE ORO', 50),
(50313, 'GRANADA', 50),
(50318, 'GUAMAL', 50),
(50325, 'MAPIRIPAN', 50),
(50330, 'MESETAS', 50),
(50350, 'LA MACARENA', 50),
(50370, 'LA URIBE', 50),
(50400, 'LEJANIAS', 50),
(50450, 'PUERTO CONCORDIA', 50),
(50568, 'PUERTO GAITAN', 50),
(50573, 'PUERTO LOPEZ', 50),
(50577, 'PUERTO LLERAS', 50),
(50590, 'PUERTO RICO', 50),
(50606, 'RESTREPO', 50),
(50680, 'SAN CARLOS DE GUAROA', 50),
(50683, 'SAN JUAN DE ARAMA', 50),
(50686, 'SAN JUANITO', 50),
(50689, 'SAN MARTIN', 50),
(50711, 'VISTA HERMOSA', 50),
(52001, 'PASTO', 52),
(52019, 'ALBAN (SAN JOSE)', 52),
(52022, 'ALDANA', 52),
(52036, 'ANCUYA', 52),
(52051, 'ARBOLEDA (BERRUECOS)', 52),
(52079, 'BARBACOAS', 52),
(52083, 'BELEN', 52),
(52110, 'BUESACO', 52),
(52203, 'COLON (GENOVA)', 52),
(52207, 'CONSACA', 52),
(52210, 'CONTADERO', 52),
(52215, 'CORDOBA', 52),
(52224, 'CUASPUD (CARLOSAMA)', 52),
(52227, 'CUMBAL', 52),
(52233, 'CUMBITARA', 52),
(52240, 'CHACHAGUI', 52),
(52250, 'EL CHARCO', 52),
(52254, 'EL PEÑOL', 52),
(52256, 'EL ROSARIO', 52),
(52258, 'EL TABLON', 52),
(52260, 'EL TAMBO', 52),
(52287, 'FUNES', 52),
(52317, 'GUACHUCAL', 52),
(52320, 'GUAITARILLA', 52),
(52323, 'GUALMATAN', 52),
(52352, 'ILES', 52),
(52354, 'IMUES', 52),
(52356, 'IPIALES', 52),
(52378, 'LA CRUZ', 52),
(52381, 'LA FLORIDA', 52),
(52385, 'LA LLANADA', 52),
(52390, 'LA TOLA', 52),
(52399, 'LA UNION', 52),
(52405, 'LEIVA', 52),
(52411, 'LINARES', 52),
(52418, 'LOS ANDES (SOTOMAYOR)', 52),
(52427, 'MAGUI (PAYAN)', 52),
(52435, 'MALLAMA (PIEDRANCHA)', 52),
(52473, 'MOSQUERA', 52),
(52480, 'NARIÑO', 52),
(52490, 'OLAYA HERRERA', 52),
(52506, 'OSPINA', 52),
(52520, 'FRANCISCO PIZARRO', 52),
(52540, 'POLICARPA', 52),
(52560, 'POTOSI', 52),
(52565, 'PROVIDENCIA', 52),
(52573, 'PUERRES', 52),
(52585, 'PUPIALES', 52),
(52612, 'RICAURTE', 52),
(52621, 'ROBERTO PAYAN (SAN JOSE)', 52),
(52678, 'SAMANIEGO', 52),
(52683, 'SANDONA', 52),
(52685, 'SAN BERNARDO', 52),
(52687, 'SAN LORENZO', 52),
(52693, 'SAN PABLO', 52),
(52694, 'SAN PEDRO DE CARTAGO', 52),
(52696, 'SANTA BARBARA (ISCUANDE)', 52),
(52699, 'SANTACRUZ (GUACHAVES)', 52),
(52720, 'SAPUYES', 52),
(52786, 'TAMINANGO', 52),
(52788, 'TANGUA', 52),
(52835, 'TUMACO', 52),
(52838, 'TUQUERRES', 52),
(52885, 'YACUANQUER', 52),
(54001, 'CUCUTA', 54),
(54003, 'ABREGO', 54),
(54051, 'ARBOLEDAS', 54),
(54099, 'BOCHALEMA', 54),
(54109, 'BUCARASICA', 54),
(54125, 'CACOTA', 54),
(54128, 'CACHIRA', 54),
(54172, 'CHINACOTA', 54),
(54174, 'CHITAGA', 54),
(54206, 'CONVENCION', 54),
(54223, 'CUCUTILLA', 54),
(54239, 'DURANIA', 54),
(54245, 'EL CARMEN', 54),
(54250, 'EL TARRA', 54),
(54261, 'EL ZULIA', 54),
(54313, 'GRAMALOTE', 54),
(54344, 'HACARI', 54),
(54347, 'HERRAN', 54),
(54377, 'LABATECA', 54),
(54385, 'LA ESPERANZA', 54),
(54398, 'LA PLAYA', 54),
(54405, 'LOS PATIOS', 54),
(54418, 'LOURDES', 54),
(54480, 'MUTISCUA', 54),
(54498, 'OCAÑA', 54),
(54518, 'PAMPLONA', 54),
(54520, 'PAMPLONITA', 54),
(54553, 'PUERTO SANTANDER', 54),
(54599, 'RAGONVALIA', 54),
(54660, 'SALAZAR', 54),
(54670, 'SAN CALIXTO', 54),
(54673, 'SAN CAYETANO', 54),
(54680, 'SANTIAGO', 54),
(54720, 'SARDINATA', 54),
(54743, 'SILOS', 54),
(54800, 'TEORAMA', 54),
(54810, 'TIBU', 54),
(54820, 'TOLEDO', 54),
(54871, 'VILLA CARO', 54),
(54874, 'VILLA DEL ROSARIO', 54),
(63001, 'ARMENIA', 63),
(63111, 'BUENAVISTA', 63),
(63130, 'CALARCA', 63),
(63190, 'CIRCASIA', 63),
(63212, 'CORDOBA', 63),
(63272, 'FILANDIA', 63),
(63302, 'GENOVA', 63),
(63401, 'LA TEBAIDA', 63),
(63470, 'MONTENEGRO', 63),
(63548, 'PIJAO', 63),
(63594, 'QUIMBAYA', 63),
(63690, 'SALENTO', 63),
(66001, 'PEREIRA', 66),
(66045, 'APIA', 66),
(66075, 'BALBOA', 66),
(66088, 'BELEN DE UMBRIA', 66),
(66170, 'DOS QUEBRADAS', 66),
(66318, 'GUATICA', 66),
(66383, 'LA CELIA', 66),
(66400, 'LA VIRGINIA', 66),
(66440, 'MARSELLA', 66),
(66456, 'MISTRATO', 66),
(66572, 'PUEBLO RICO', 66),
(66594, 'QUINCHIA', 66),
(66682, 'SANTA ROSA DE CABAL', 66),
(66687, 'SANTUARIO', 66),
(68001, 'BUCARAMANGA', 68),
(68013, 'AGUADA', 68),
(68020, 'ALBANIA', 68),
(68051, 'ARATOCA', 68),
(68077, 'BARBOSA', 68),
(68079, 'BARICHARA', 68),
(68081, 'BARRANCABERMEJA', 68),
(68092, 'BETULIA', 68),
(68101, 'BOLIVAR', 68),
(68121, 'CABRERA', 68),
(68132, 'CALIFORNIA', 68),
(68147, 'CAPITANEJO', 68),
(68152, 'CARCASI', 68),
(68160, 'CEPITA', 68),
(68162, 'CERRITO', 68),
(68167, 'CHARALA', 68),
(68169, 'CHARTA', 68),
(68176, 'CHIMA', 68),
(68179, 'CHIPATA', 68),
(68190, 'CIMITARRA', 68),
(68207, 'CONCEPCION', 68),
(68209, 'CONFINES', 68),
(68211, 'CONTRATACION', 68),
(68217, 'COROMORO', 68),
(68229, 'CURITI', 68),
(68235, 'EL CARMEN', 68),
(68245, 'EL GUACAMAYO', 68),
(68250, 'EL PEÑON', 68),
(68255, 'EL PLAYON', 68),
(68264, 'ENCINO', 68),
(68266, 'ENCISO', 68),
(68271, 'FLORIAN', 68),
(68276, 'FLORIDABLANCA', 68),
(68296, 'GALAN', 68),
(68298, 'GAMBITA', 68),
(68307, 'GIRON', 68),
(68318, 'GUACA', 68),
(68320, 'GUADALUPE', 68),
(68322, 'GUAPOTA', 68),
(68324, 'GUAVATA', 68),
(68327, 'GUEPSA', 68),
(68344, 'HATO', 68),
(68368, 'JESUS MARIA', 68),
(68370, 'JORDAN', 68),
(68377, 'LA BELLEZA', 68),
(68385, 'LANDAZURI', 68),
(68397, 'LA PAZ', 68),
(68406, 'LEBRIJA', 68),
(68418, 'LOS SANTOS', 68),
(68425, 'MACARAVITA', 68),
(68432, 'MALAGA', 68),
(68444, 'MATANZA', 68),
(68464, 'MOGOTES', 68),
(68468, 'MOLAGAVITA', 68),
(68498, 'OCAMONTE', 68),
(68500, 'OIBA', 68),
(68502, 'ONZAGA', 68),
(68522, 'PALMAR', 68),
(68524, 'PALMAS DEL SOCORRO', 68),
(68533, 'PARAMO', 68),
(68547, 'PIEDECUESTA', 68),
(68549, 'PINCHOTE', 68),
(68572, 'PUENTE NACIONAL', 68),
(68573, 'PUERTO PARRA', 68),
(68575, 'PUERTO WILCHES', 68),
(68615, 'RIONEGRO', 68),
(68655, 'SABANA DE TORRES', 68),
(68669, 'SAN ANDRES', 68),
(68673, 'SAN BENITO', 68),
(68679, 'SAN GIL', 68),
(68682, 'SAN JOAQUIN', 68),
(68684, 'SAN JOSE DE MIRANDA', 68),
(68686, 'SAN MIGUEL', 68),
(68689, 'SAN VICENTE DE CHUCURI', 68),
(68705, 'SANTA BARBARA', 68),
(68720, 'SANTA HELENA DEL OPON', 68),
(68745, 'SIMACOTA', 68),
(68755, 'SOCORRO', 68),
(68770, 'SUAITA', 68),
(68773, 'SUCRE', 68),
(68780, 'SURATA', 68),
(68820, 'TONA', 68),
(68855, 'VALLE DE SAN JOSE', 68),
(68861, 'VELEZ', 68),
(68867, 'VETAS', 68),
(68872, 'VILLANUEVA', 68),
(68895, 'ZAPATOCA', 68),
(70001, 'SINCELEJO', 70),
(70110, 'BUENAVISTA', 70),
(70124, 'CAIMITO', 70),
(70204, 'COLOSO (RICAURTE) (RICAURTE)', 70),
(70215, 'COROZAL', 70),
(70221, 'COVEÑAS', 70),
(70230, 'CHALAN', 70),
(70233, 'EL ROBLE', 70),
(70235, 'GALERAS (NUEVA GRANADA)', 70),
(70265, 'GUARANDA', 70),
(70400, 'LA UNION', 70),
(70418, 'LOS PALMITOS', 70),
(70429, 'MAJAGUAL', 70),
(70473, 'MORROA', 70),
(70508, 'OVEJAS', 70),
(70523, 'PALMITO', 70),
(70670, 'SAMPUES', 70),
(70678, 'SAN BENITO ABAD', 70),
(70702, 'SAN JUAN DE BETULIA', 70),
(70708, 'SAN MARCOS', 70),
(70713, 'SAN ONOFRE', 70),
(70717, 'SAN PEDRO', 70),
(70742, 'SINCE', 70),
(70771, 'SUCRE', 70),
(70820, 'TOLU', 70),
(70823, 'TOLUVIEJO', 70),
(73001, 'IBAGUE', 73),
(73024, 'ALPUJARRA', 73),
(73026, 'ALVARADO', 73),
(73030, 'AMBALEMA', 73),
(73043, 'ANZOATEGUI', 73),
(73055, 'ARMERO (GUAYABAL)', 73),
(73067, 'ATACO', 73),
(73124, 'CAJAMARCA', 73),
(73148, 'CARMEN DE APICALA', 73),
(73152, 'CASABIANCA', 73),
(73168, 'CHAPARRAL', 73),
(73200, 'COELLO', 73),
(73217, 'COYAIMA', 73),
(73226, 'CUNDAY', 73),
(73236, 'DOLORES', 73),
(73268, 'ESPINAL', 73),
(73270, 'FALAN', 73),
(73275, 'FLANDES', 73),
(73283, 'FRESNO', 73),
(73319, 'GUAMO', 73),
(73347, 'HERVEO', 73),
(73349, 'HONDA', 73),
(73352, 'ICONONZO', 73),
(73408, 'LERIDA', 73),
(73411, 'LIBANO', 73),
(73443, 'MARIQUITA', 73),
(73449, 'MELGAR', 73),
(73461, 'MURILLO', 73),
(73483, 'NATAGAIMA', 73),
(73504, 'ORTEGA', 73),
(73520, 'PALOCABILDO', 73),
(73547, 'PIEDRAS', 73),
(73555, 'PLANADAS', 73),
(73563, 'PRADO', 73),
(73585, 'PURIFICACION', 73),
(73616, 'RIOBLANCO', 73),
(73622, 'RONCESVALLES', 73),
(73624, 'ROVIRA', 73),
(73671, 'SALDAÑA', 73),
(73675, 'SAN ANTONIO', 73),
(73678, 'SAN LUIS', 73),
(73686, 'SANTA ISABEL', 73),
(73770, 'SUAREZ', 73),
(73854, 'VALLE DE SAN JUAN', 73),
(73861, 'VENADILLO', 73),
(73870, 'VILLAHERMOSA', 73),
(73873, 'VILLARRICA', 73),
(76001, 'CALI', 76),
(76020, 'ALCALA', 76),
(76036, 'ANDALUCIA', 76),
(76041, 'ANSERMANUEVO', 76),
(76054, 'ARGELIA', 76),
(76100, 'BOLIVAR', 76),
(76109, 'BUENAVENTURA', 76),
(76111, 'BUGA', 76),
(76113, 'BUGALAGRANDE', 76),
(76122, 'CAICEDONIA', 76),
(76126, 'CALIMA (DARIEN)', 76),
(76130, 'CANDELARIA', 76),
(76147, 'CARTAGO', 76),
(76233, 'DAGUA', 76),
(76243, 'EL AGUILA', 76),
(76246, 'EL CAIRO', 76),
(76248, 'EL CERRITO', 76),
(76250, 'EL DOVIO', 76),
(76275, 'FLORIDA', 76),
(76306, 'GINEBRA', 76),
(76318, 'GUACARI', 76),
(76364, 'JAMUNDI', 76),
(76377, 'LA CUMBRE', 76),
(76400, 'LA UNION', 76),
(76403, 'LA VICTORIA', 76),
(76497, 'OBANDO', 76),
(76520, 'PALMIRA', 76),
(76563, 'PRADERA', 76),
(76606, 'RESTREPO', 76),
(76616, 'RIOFRIO', 76),
(76622, 'ROLDANILLO', 76),
(76670, 'SAN PEDRO', 76),
(76736, 'SEVILLA', 76),
(76823, 'TORO', 76),
(76828, 'TRUJILLO', 76),
(76834, 'TULUA', 76),
(76845, 'ULLOA', 76),
(76863, 'VERSALLES', 76),
(76869, 'VIJES', 76),
(76890, 'YOTOCO', 76),
(76892, 'YUMBO', 76),
(76895, 'ZARZAL', 76),
(81001, 'ARAUCA', 81),
(81065, 'ARAUQUITA', 81),
(81220, 'CRAVO NORTE', 81),
(81300, 'FORTUL', 81),
(81591, 'PUERTO RONDON', 81),
(81736, 'SARAVENA', 81),
(81794, 'TAME', 81),
(85001, 'YOPAL', 85),
(85010, 'AGUAZUL', 85),
(85015, 'CHAMEZA', 85),
(85125, 'HATO COROZAL', 85),
(85136, 'LA SALINA', 85),
(85139, 'MANI', 85),
(85162, 'MONTERREY', 85),
(85225, 'NUNCHIA', 85),
(85230, 'OROCUE', 85),
(85250, 'PAZ DE ARIPORO', 85),
(85263, 'PORE', 85),
(85279, 'RECETOR', 85),
(85300, 'SABANALARGA', 85),
(85315, 'SACAMA', 85),
(85325, 'SAN LUIS DE PALENQUE', 85),
(85400, 'TAMARA', 85),
(85410, 'TAURAMENA', 85),
(85430, 'TRINIDAD', 85),
(85440, 'VILLANUEVA', 85),
(86001, 'MOCOA', 86),
(86219, 'COLON', 86),
(86320, 'ORITO', 86),
(86568, 'PUERTO ASIS', 86),
(86569, 'PUERTO CAICEDO', 86),
(86571, 'PUERTO GUZMAN', 86),
(86573, 'PUERTO  LEGUIZAMO', 86),
(86749, 'SIBUNDOY', 86),
(86755, 'SAN FRANCISCO', 86),
(86757, 'SAN MIGUEL', 86),
(86760, 'SANTIAGO', 86),
(86865, 'VILLA GUAMEZ (LA HORMIGA)', 86),
(86885, 'VILLAGARZON', 86),
(88001, 'SAN ANDRES', 88),
(88564, 'PROVIDENCIA', 88),
(91001, 'LETICIA', 91),
(91263, 'EL ENCANTO', 91),
(91405, 'LA CHORRERA', 91),
(91407, 'LA PEDRERA', 91),
(91430, 'LA VICTORIA', 91),
(91460, 'MIRITI-PARANA', 91),
(91530, 'PUERTO ALEGRIA', 91),
(91536, 'PUERTO ARICA', 91),
(91540, 'PUERTO NARIÑO', 91),
(91669, 'PTO SANTANDER', 91),
(91798, 'TARAPACA', 91),
(94001, 'INIRIDA', 94),
(94343, 'GUAVIARE (BARRANCO MINAS)', 94),
(94663, 'MAPIRIPANA', 94),
(94883, 'SAN FELIPE', 94),
(94884, 'PUERTO COLOMBIA', 94),
(94885, 'LA GUADALUPE', 94),
(94886, 'CACAHUAL', 94),
(94887, 'PANA PANA', 94),
(94888, 'MORICHAL NUEVO', 94),
(95001, 'SAN JOSE DEL GUAVIARE', 95),
(95015, 'CALAMAR', 95),
(95025, 'EL RETORNO', 95),
(95200, 'MIRAFLORES', 95),
(97001, 'MITU', 97),
(97161, 'CARURU', 97),
(97511, 'PACOA', 97),
(97666, 'TARAIRA', 97),
(97777, 'PAPUNAUA', 97),
(97889, 'YAVARATE', 97),
(99001, 'PUERTO CARREÑO', 99),
(99524, 'LA PRIMAVERA', 99),
(99572, 'TAMBORA', 99),
(99624, 'SANTA ROSALIA', 99),
(99773, 'CUMARIBO', 99),
(99774, 'PILETA', 70),
(99775, 'PILETA', 13);

-- --------------------------------------------------------

--
-- Estructura de tabla para la tabla `departamento`
--

CREATE TABLE IF NOT EXISTS `departamento` (
  `iddepto` int(11) NOT NULL,
  `nombre` varchar(245) NOT NULL,
  PRIMARY KEY (`iddepto`),
  UNIQUE KEY `nombre_UNIQUE` (`nombre`)
) ENGINE=InnoDB DEFAULT CHARSET=utf8;

--
-- Volcado de datos para la tabla `departamento`
--

INSERT INTO `departamento` (`iddepto`, `nombre`) VALUES
(91, 'AMAZONAS'),
(5, 'ANTIOQUIA'),
(81, 'ARAUCA'),
(88, 'ARCHIPIELAGO DE SAN ANDRÉS'),
(8, 'ATLÁNTICO'),
(11, 'BOGOTÁ, DISTRITO CAPITAL'),
(13, 'BOLÍVAR'),
(15, 'BOYACÁ'),
(17, 'CALDAS'),
(18, 'CAQUETÁ'),
(85, 'CASANARE'),
(19, 'CAUCA'),
(20, 'CESAR'),
(27, 'CHOCO'),
(23, 'CÓRDOBA'),
(25, 'CUNDINAMARCA'),
(94, 'GUAINÍA'),
(95, 'GUAVIARE'),
(41, 'HUILA'),
(44, 'LA GUAJIRA'),
(47, 'MAGDALENA'),
(50, 'META'),
(52, 'NARIÑO'),
(54, 'NORTE DE SANTANDER'),
(86, 'PUTUMAYO'),
(63, 'QUINDIO'),
(66, 'RISARALDA'),
(68, 'SANTANDER'),
(9, 'SIN DEPARTAMENTO'),
(70, 'SUCRE'),
(73, 'TOLIMA'),
(76, 'VALLE DEL CAUCA'),
(97, 'VAUPÉS'),
(99, 'VICHADA');

-- --------------------------------------------------------

--
-- Estructura de tabla para la tabla `usuario`
--

CREATE TABLE IF NOT EXISTS `usuario` (
  `documento` varchar(20) NOT NULL,
  `nombre` varchar(45) NOT NULL,
  `apellido` varchar(45) NOT NULL,
  `fechanacimiento` date DEFAULT NULL,
  `idciudad` int(11) NOT NULL,
  `clave` varchar(60) NOT NULL,
  `email` varchar(200) NOT NULL,
  `foto` blob NOT NULL,
  `face` varchar(30) NOT NULL,
  `twitter` varchar(30) NOT NULL,
  `google` varchar(30) NOT NULL,
  PRIMARY KEY (`documento`),
  UNIQUE KEY `email_UNIQUE` (`email`),
  KEY `fk_usuario_ciudad1_idx` (`idciudad`)
) ENGINE=InnoDB DEFAULT CHARSET=utf8 COMMENT='tabla del usuario';

--
-- Volcado de datos para la tabla `usuario`
--

INSERT INTO `usuario` (`documento`, `nombre`, `apellido`, `fechanacimiento`, `idciudad`, `clave`, `email`, `foto`, `face`, `twitter`, `google`) VALUES
('123456', 'fulano', 'de tal', '1998-08-08', 20001, '8cb2237d0679ca88db6464eac60da96345513964', 'wilvec2@hotmail.com', 0x4749463839610101f400f700002a302bbfbf5838688e8f3a2579bdd69999994863457b7b7b99cccc3b93d4b2bdb63584bc9bbea6424944e6e6d8e149367a98856f705cac86838c8c8c7f8d73ca462e84848495be8cdeded6c5c5b64b7046bbd9c8f07f6ed6d6d6395670cccc99e6e6eda35d30cece7f6b7f5ae96242aeb4b342412e587fa182a68650a0d3cf9b8a5f7161cad6b94c8ec6cdcdc5cb592b9cb086b2cdd3ab6b30dfdfc9f6f6f6666666b4b4a7ae8173e6e67f718174bcbca18e9592ccdaa65b5a59527d55f27151af3c28cccc58b0c5b5cea555798a77a5a5a53b423f494943f1f1d5c5c5c556a7cd827d5d8fa493cbdfba327db3737373d7d76b63b5d4b6c29351515391ae79597b706298ad5e7050e64f44333a36e8e8c93a5f7ecc6633adadadee7e50bec2c5bfc6a56d8e63d2e8bbd6d6c85e615cffff9970957a4a514c39393bba492bfd6b5a87a8ad72b3cbcfebdc607c634b5350a6cba2cfcfd59fb2a47d8183bfc6b9c6c6aba033248aa7783972a5ceceb9d5d5aa3a8fcee2a794d746325d7f52b8764f516e53d6907df2baa8bdbdb5f68e79ffffffeb9f5c7a9e6ef665539faa9dfbfbe1666666adada6deecb94687ac9fc6d3f2f2cd849887e2e2723a413c90a587e15238b76636c2c96b637c6cb8dba7f6f688e6e6e6ac7566cdcda8adbf856d8c76d6604dbe3c2b6d7f6b58654a879cb3b5b5b5c2c293ea5b4295ae9ff1cecb77b8d2949474333333efefefdedede52534cdddda8424244a64c386f878bb3ceb85d8866cf5644434b48525a56a8bda6cece90dedeb8a7c7accd4837b0b098336699879b785e6e5c4b4a4acaddc9cccc66acc5cbd6e4c6e6e6b9e56352b7504091bfd3b3ae77fd71607097676aaed491ae955e7f5ae6d270f0f0e14293d389b5c6bfcdd3a33e25bfd3938c9d8aea9c787c9879dceada9faf9262886ca3afaeba8a7b517159bed3bcb6b6bbff9d92d6d6b9ff7e60bcbcae3e89c6eeee80dba396f0f0f6f0f0bab43f308eaf8b886842c5c5be4b98c9a6c395d786426f716dc5cbcb67583541413bbdbdbdadae8accccccdde4aeff7f70999999708261fffff3ffffff21f904051400ff002c000000000101f4000008ff00ff091c48b0a0c18308132a5cc8b0e1c2244c6ad43843f18c058718336adcc8b1a3c78f20438a4cd8a1c81c8964c8bcb9c5f256ac58535ab51a49b3a6cd9b3873ea1c68e1d52b3228dfacbc3529cba40693a6b8da04c260890907e659b887b0c8bd7c3bb36addca7527a357b8c286158a5458960646275dc5b069e6bf09678ec8b5d7a001ae226e07f6105be3df9c1e2c4525e94ab8b0e1c3fff68a3d237142a21e93224f3af2a454920e6d7109ab6ba4b3117b67eced60ea362c45d375cfa0dd2113b1ebd7b03d0e15dba548811d132447c655a0cbbd0e643c7716668f0cdd2caf2ebb6aea93624b2346cf3628b1d42dc52783315e8ccdbdfb4d5c53a608ff7d536082853973a067593fc942ef24f622a32d91e41e51b947c85cc57ca425cb1a64ac275d0d49c4b154170dd035490f0e2551d73ca57827e184021510a143f354748430163cf1c40107a02160163d1ce05e01ba3df1456d05c4620f2b9115415f3efdb9744611b6a118191a687461590735c4f712199b14d9ca3c132054031a142dd81a85501e56804faf6054846a671c55c43c4590018059026e79c004b81821d9135d94674164ac6471c404bd89734b5d76a939c14beb19b1c37ba115754411f9e4d3418b93f8f444410d30c65211ae2cd55494906a5543589d95d20a08792584df1159f0c8631600b0c20a0047cc33cf13131c212a2b46b837017af688ffb8de1c70eed08067354005626769d16ae1514835704f29a5dcf34603c224fb04a6334d50d7242f2521ad818f466aed7746a8d6c01bae74509d422fa121995100948b0600931cf0c4a913400600a84882384751029ab8c31ccf4ef2c41c1e3e5154510d1c30c79ee246766301bd695bd76fde6e42069d93d4d0c5c457b992e9b51883d4c5b1020ef28572171374c64b91811aeaa8acc4ebe19807b49927bf63b2f2e924e84d4046c959e012d587e8e609e204351881068c359407675d68d8634f7d5f088a542cd0968270018cfc566dc6587b848b6e6414e11b6609f94baf800b5a308179ea9ad89bace512f1a197a2da134ccd670868442c1378d880a8e5daff03e29a59b85cc4abeee9264c6d8c94f284d24af3661e9cbf6d92f5e41d4dd099a868ecd9451216235480cba09261aac0e881a8b66fb8803a2a0043bfbb1e2b3b9ce72ca8b46761449be586faaa89251775afc0657616cb01b7155004a7d01931f81c6a474ef9f318e503425ae8e65a803871488ed08859dc22d1a9f29a4df57e6899cc37eb59ec103badffbecbbafbe576fa2aadb54fa22be0793e65b63793c0086d0116f89b553a1032e8195020f978c22b8c70acc8bc0b0d63da5ce70e32b67749a4061f329be6ee61a06ed50054e72a172b84611bc2e50654fd7b028c5627aaf2d4ec53ebf990ba743389df59a04c79c2c5efc6548249ad4001070ca240ff8a200c9fa0854d20ac817bac86905be02e54df7b8205367899b6b46213711047010e5003244d407de6119f0345154023846a12c2c00df3a6783b514dc25c2793d914ee17b8550dee6f05e85e67885283020af15a71e8c114929596278ef0003be8423eb46790a0ad0e00129122d5c4a11c46b6c2154948d3fc2c60364ec2a908970b5587bab82f4e328f564578421c518632d64905444f10d7bb1a00c09fadc07634ac615bfe88b527dc62334698c7b08ad029f7216980052cc2b9f836ba0958251fdf22c8263a700f4d72d26c67335e119ce8c60e992a83d7845317be70007bb80e007513102b189136a400002da8925722bbb03536f1aa07d1e465a48e50ff972cc4e21d2528cf13ead8a639586891087903870ac0af7d1d74820699e68a6ca3be3d79ed1e13981987d695c1b37db1375f884307e2a02610810a29e9f25011c636895a364f501dd8c13d3e57b233188891fa84d214fca349e6794a54c7fc02010fd20a6ade714c03bc5a41aed881fa748111456044172869a0f2cc03174a5cd94771e423e5742b93b133ddd6a6d0af290c4d54aff85d97def98679c4e10b25b08d671a808d2afa31a7b0218e648e1aa2b3022016ee2905420d72c94c1aad37d064c826ba950f69254150d5b9641ca416405ff9e81e1fcb075b2ee58ac91621769e3c4fdac6160bdc80a87fab6ad3142caa1e23f4a00442dd255e0dd3258afff4852041f2d41bd4b5af10e60e95422d2016ef619b8b828d21576c947265fb0f2c6ad1a305802d641d35101060b21414ad6818735394a4d5920ca915555a703181154007b0bd71de6cbbf20532dce2159161495e4ae1a950814f954511217a058bd3815c321fc312474821da1099844ca26932dee61af6246976801ec39a1854a766bc52cc03003a64de7a66f6067401c01e6733c22d5a25ce2458601eebdd8a05b2859457dce22cf8244d3addc7b7937e296dcee49c70bb15079112f823ff8d7029627bd7e632b6b1f51147092efb31e2aeaf013f355ef12243a64988c29356b1c714fe94629dd4e00df6c04f6792668f0240368f81831feb6af059a86430ffa908b96291982b12ebc6215082a2739c8ba4dc0e7400cf228d836171330ff1028078e6f9e0592253593841c61e239e8015bb4c931c34402e169826713c858621e7230e0760dda842d8001c9507c703ec2f5792bb143d1758ce735e6c1caa89234680b77553706f74de25308101ed2825136ac3281d3d8430824e3d986612d824b3581c8e9226ae23005cfb51f3a0678a8c10aa520b53e48d70b6b1f70877b4b977d20489d63d4a639511509a9402b89ad805c94d090ef2b0baf460d63d68a3cc5877802214ab9aa70e9f47b72a0e68769b7297f4b3c2019c882760c2027ba317f340548a5824cf6eaf9b00b5e0ada457c8c505ffc8d4114263016a1e41443dff18da326127236295f0941a44988c2aa6ea9ba8e3c184b954ac31900fa941053a92e1ed01e08bb3b1b9f6996ce17841e69128641961b14c11c8137ad0050cc0c79cc230cff96054e152c4f53667db5385f7b39cadb4a23cae61aa61cd330556dc82b74fa0004bb3401118957a07fea6c77195fe0f32508433b8f874d20582c5cbbde96cab04719cee218ea7e2c86bc582ecbb6f5288a5b8a20b8e3af84d104cd1764dbc0bd111d0d98867047e0dccdf06e7bb407a70861127e80d94c48c4c36a19a0f87dd02a9c5e0e92d430f7a24e10b987dacb7b6bd9342dc431dea60949f97c26d65dfa304130e23d44614891d44e582f318d37b7ecc719608c7080b2e12ff1d8e6294b4ee808cbbd5ea41bdd528f6479d3085d8040d6860dd22bc35cf8659ec9fbfd078dbc4f2a745e34ddfe46bdba77978750f74a71bb8401fde5202edd3035eb219d6262fce843d91656086510885000285407fae607f89930418407c59915c23551f4bb662d0414b6eb63231570405c77df0f6050305359e5203a5a077ae00231f2611a0824ddb653ceaf51a1ba8811e980f13e002d1450f326876fa17284950043dc00ab7d150f6a26025700f7a57739456006f6026cc163868002197310febf125ac506626e25116158306a8131a1887ea605d25910470823d5cb86a7cc658c6b343e2740fd22279aaf70f16e012a1476ec16019f990723c52221dff6551be014d79d81545a88173e80a8d35011855043a161b3ad7015fc0087662215e652483f80f23f612b7501bb88742bc36644e554b1d1527055276b0118772286bf9908533c55fddf15fd825733f32791c57009b5117c4024005e03e02620153d57825e52bcf247bdc5179714803091707f4404ee2e04c4cc41dca560a13230ef430789ea3126f4006db815735c06e4ec62f667886a1a2602c821b6d980b9f900b6f587c34808b1e3852db088333d5054cb88f2221074c7010d3940fbe775309f1053d10912326160d863018837607d18efd0427ba024ab7532e73643c52f5788c9085cfa001e0609070e80ab8788927581f16200e16906a85410b3ee00399ffb0547b488c52381e42511164501d3b206205602d5da03487621096c6234eb43b73807babd2031ff249ff1688390001b4b00232c12cae117ffd5879d8286b82f6055fc066f790489d4818b500072300031828106f8910f6e1936f800b15710621350123d619050002984221f7100b1e7704acd160ff902cb10023599008c49327edc25103533590550d64400b71100f44b0588d428cc557084960848042870c5500f7f004e1510a81953d85510bb4d00487d00c9b698064a11ab8d0003db0122b51024fd01928750b45c06012420647100b94e10a188001cc277540f74e48b41eb2e85012b40942f0096d800163e00642a08dc2c79939510823a581ae103b05ff52007e2795c8820613a000cef40518a0921ff10ceda00f8de00957100ed4b8105de01fe918855b942d67e01946710b3d206ef7c91d07200ccef66707301d83d70ad3f746af232a3d706a539954bc9069b2060810462c15e39e1fd181d4a1819fe51e3b3029e00113c9f2065d6050bed815c3d00cc7700c62c00361100e92b8104f409c46200cb8604d073a2ee4e79b38c28093681813f00aae400f3b2017595000b2b75875c36cab8230f3738798110e7220138d42076e10573862194d08874db509854052a0350f266a9723939816500aeb39545df109fa10a3c79009f3c00b5ba810ed3809aa9126010422b7221c24821b5f847a456a18efd001e2a034b6ff630407c07e7f0637ab72061ee54916923d742007f357241df00c4c701b9a93965c5108c9277f34601b7f3a0f2911165bc64f75e11b0775a835a10dd7700c5a10a34d7005b96057080171f676471f320f470086458109a6733a052921d3d40372c12b63f86977465c35300535607d0277a99b300c0a5008fe40039c2a0a42701e5324418551a649c08183025a73a0aa112948e1f11200d0a6ded801248813bc70018da005fa3a0370e00383c04132681f23760b0c653a6da21ba7622ad9175883e51dd3f40e2fa11eeb31a08e855d61b532bec25f9b20071ae80fc915076ec05b0c2bab02910b740012f1d705204003ea604de8a1aa29119114112e4d3a90c9ffda10f3061261a005ebb00e33609d990008cf2483f3100b8d2a9559f22f91814117b42f783784bf8889f7101cbcb21e47502c2838a2148858f2c70d8ae00f602b0d9b8001b4f009dfe41ee2b0770bc1005770b21f3a521c189eb1e321304b06e13148c2e019ac20313309b50a2107610012b520063dab05c7390628400456a19a84b52469a1b475c10afbf204df835457c19d87b15800b602ff222bca136ecf57421f2541ea100ec600b660cb5428900891d4b7edd910bca0019fe05f2ab9815fa00e1d580af7622a35d00360311e473048b1406600703d6819a605d10ddd300c1ef10c9950b8d63906f4e006b5e1b702119ecf122c25432bead24c30987a50ffa2b9f770004a5b320219615c958316d3060ca0085febb1fae7061714419cb3101b2007fdd00fa3c00b72964f0e41039cd38f67b7452941068ac1aae22114e1020095919a24fb0c66500b87400b4840031a310c1700099060b8d6e902efe0066809a7d2d47305d04f92f14501a455df8bbc88811584878932092a66141953c06464297c164303728004ee9bbafa070840917dd82a106d100edcc0044c1009a29003da800d0c100ebc4001fad76305ca10f1f705ad40aaf9701b5c14b3621116c9a219c39b34b0d38d45c09e06e806e1c003dc7007c0f00c5410c7942007c3d0060a71071bac050e609d0c99c40f753120008a0590349ef294cce321761b1e13ff909cde21856151946a875d4a832ef6438b82c21620a00e0281023cecbe5aea0ae1d00f41bc44ae1906280006c3b00d8a4003d2702981fc60e0900bda087cb5688085d00af490c9b75c42a3d4bbedeaae62263466d4a32cdab00bc10b61a00f3dabc1cc6c0c4dc00bed70089ff00c07d10e4870cd7b3c0663900fefb002f3aa6ac375008e09773783144471145de0a1386133ab1a727cd654a5c008fe940553f91edec20b66301074c003eeebbe62db2d91900b40812a54300214d004d280ba601b964ff80c8211615908be56ec0af740a6953738a285a6b8f00aed1a1e47904be722af672cc20ad10a7ed004c7b00e1aecbed78c04d2f0d26db001cf000ce1ff60c102f10c6200090e90cddb9c0fda200468d90f1bb0549d559a04dbbdf3c012b2a21ba5e6bf52121635700b49b058475a72822635b13071e32a82b96006f92c1030b0d28af0d28b350657900140910b6e4005fa2a0defbbd07286017f9604c1501bc525992c2c10b6cb811b3838afd22f2b0020642016af802c63cc697751cc24cb0bcd30a72a0d092d8d04adf0d22fad05adf00c72b00df3170ef1a0af87db63f4900bda10583ee006b440d4b3a6b5a679444c1d196f208888510a53e0bb130a0225dc4fb1f06700676dee4190cfc00dad8002ff307f61adc1d84c0e63e00223008177e007f1b00b29ddc9abcccad2d02dfbf70cfd40a87052356aab10f1ffd7015f490f6673c8f3b002e69dc8e171069ba1343cb22af16ac6c1d5109b10069900dd317acd941d6b06d6061080299b8002fbea677836bd48e5031730027060600656d423ba26bdc3a7af8252c1a085dddd1557d5a3d374009fa1347bf30ae09626ea2384bc00dc34d00ed8d806c59dc7c7e9022880023dc00d7ec003b0000bf74dd92f9dcdb35c0a06603a9625aadebd09f4f095b6fda71ef23da6b2d1c922172f013545916e6f6012b15a602c3002e4b00b563e0333b0d35aaedfead00666b00dad10092c60e5da8c67f9e006525100d0c003f4c90bb1a9a5b39626f554320d4006b7d105c72823556418a52014b8304d496db423620fa02b8e4fe51b1bff1009f34703a85024bc100f85ab0533e0672eb0023dc00ba3700dd7a00756be0b7aace587db588350022b100903f8cdffbb587c3d281d42b9053cd81bfd0ac7182b9cc6a8a072006e3ad29ab70991000c7af0ebe480e53f7b9c9b3967ea300c910002c3d00f3380dc669e0f9f400b88040e3cc003f1d00f2c0059ccd2595f500acf427764200c2d65526840b01672b35d619ac9520aedc869a90579e2206ef9d006d8b0e820d00e23f50c3cb00eb7ba0bdaec0244c0043d1006ed20051ff0ebbb20ecc29edcefd0ed8c0001c100145d64502580ee3f8ec51d08025d90371894121704201b5d11263c09eece0ab4d48bc69c10ad80016e100f9df0f29d9007daffaccdc859ec458202b4800139100f2ed0f381980f482c45e0700db0400ef1e006195031984287f98016afba5247612ae2de00c1f0b48c9beef6f00678e219bcc137845961b5f8dfdb2087a8302c9f50abc7b00be4400e794007a300811a100fa6a00b740fecc8cdf0833008d845090d1009108841f35aaf0511c832a181e94ab95c2411c1602ac1601a334b32f4c2690c9cebdfb8109bf00c2300069a5f079c9f073daf7036df06ddd001e1200a799007ef90fabd970bd8300f73e006d5ae072c7001da3055d0c42c4562567d7a1b75810bf882164a548084c11292b12a3500225e62173dbe1c72100efe1087dbf00cb63102320e0bbf9e0719b00272d00398ff2f05a6f001e0fff2a78ffd83600e3630610d40047feffa51de10def9057c0d025a74c8eb22113d100cc1e0aec7c86e9dd2deab02620071af40177aae5afd43985021c256ae441dd2a1c3dcc40cefdeb988d3a1832b8e1c45853bf0095b0673f79224c9a740dbbc036e32e9d1e3220f343945eec5d97410219306592675d931a74603a2459f589850441cce854d9d3e85bab0c0a45bacd0f4acf1442b003400e63d99b3a34b924d6db829f2e7af100d57cf264ca8750d16cc4e192211e94186c8214fa6fc7e005ca7ce207336181529500010a61e796b1c48fa0583cea8085dc53158a85087c4730e1c9837af468d1ea37b4c11967a52ac4993b2a041c34af6ff6c0007c459b0d9615365849b3a5c016643b8b941269360d498bc833621a101e52af9e50b3d5a9f1e83cba44b4f9e3c428225bda75be12df26f261c7872eb0c6c9f07e64c285022df6edef5edff9b67a4813d7b3b9e8c46238b2c7af80ab222e67bc698b4d45267036e3ed340bb4e3aa903862b1a2323182a3ce9cb2fbfc098c830c42838c20d0cb3b2a0805298aaaf904d920041b356c479cb82cf9e086d34d37a38e30ca25a9b6436d866630500002c1047ac240ce2ada17c4618c1175f26bae79e8b904b2e8e44b8190d153f72294e3a5eb4c9ca8d6b6072c1852f20c0464926114aa401346e99e48c030a00c00823b220e3b314c77205a141ee2314a161ff146aa58827de3a60872c6633422bb0c49aef0eb4d2a2a1155ab8f9ca8f6baef9c01429aec8c531030e39c443554df1851b60a031c000bc1c63c94dca2af30d047534e36c020b7e9d23c7d3a6201635feec812d36d9921570b679ba487145fa2a6ba583242231a01f6ea033e7ca38befd9696768021633422bac9a5ca2fba6022ab4fae99d0858ade31205a16ff69651e34807c2289a18842cf3d374bc1e595420925838c521872250946828a0d00d93efb0cbe523a6020934b156905045eb87cc2cc50a5f0838a1a129e071003ee88470a29e281f98e2b621d2587c6f22ab7d6dca6adcc4557765deb8bc4907a6b9e84497b2369d46261dab5476513f03565ff654332b2c9eaf3ed9e22e48804106828a024970cc08d831e14fc2022e72730a124cc02da9da716383ec8435e8bcc88c46aca3679e2c7490a98e09623ba40efa881baa841bf2c0e38b8be7c1a10e688578af02d892e0ae82116d80098a3f35f7728e20b57ee80441145326d65135e60a8611e0aee9042873028108d0c2600c1c60c700001249851c0018708266e4eb8dcd627b5e9de9e39a28106cd3629e22dcfd0138db4628915e647cd958d6d6adade28600e15e7b36f9338b4de01bd5c5018c1071fdc70c30770308100134cb2828c0c05ee51498ed6e5a69bddde718f1588af14e4eb4d0776f006cddda24637824c2912d7003d418e239bc849e39c920fff231ce108b7984707f2f1855228aa47f3f8550a2d369f4340a274ea90c6265c910b4ab4ae1d61880730dc009a1a7c021cef290062263087ff9ccc783afa0a58e063937cbc89379ac91414bfd0b9212eca025999072eb0979aec118559afb14ad49e56a4aa85ae03b7828a93d067231c556f34c523831cc0c1040becc01b64c88502a0a180d661420a1fe884dda4e3864585ee4d0d4942090ab0831a59a07373b0407e8c70062031f009f9c8876ed0a8c17f18011702ca4712be708f5294a20b45400ce0deb283812c6903ed58c73aa4d10a07b8a2034c8847eb18a0813b7ce7000c0004132053005ae4c298b9a0851b43a315f72025885db889137b86c1e6adff651305209a058e62a3cfdc2c35494b8de6c64824ab78af07453020029b74997b5c8e91d3d38a109ab34c0660820841440526847085d13ca11b30d045dd5c60917b68231706bc976fd6b5c8b734741ec2d0d32427d180d6f480115d284512c4c34984a4681e40ba4709302a8e7b8c32a4a94c4c17bea01b395c239631c44007e2c08448908125b102dc050cc00b5e40c90f61080330841a3fdc3dc14f13606511307a8f4c66d03eea009a66d4910f6cfe4a2b9e09cd3c6ed68357bc42184cdb5e80042431220da948b689cc19ed933a6bb573183704472dcc00d430f80110e03068183470182660021a385a5b3c0298a6936023119001d4dece77cac460d308ff40826c9d5899982294a2209b2c9430ec41c9d6a4b2b249f856284d894a68e2441d4c10833ed681410cc4211fd8a0824d5bf28c024020561a08432776b1db5dcc60066318830bc00001407403a90329854932e20a1010aa10ea7085f3ac994a6069a57aa7c145767191bd63314b486525d21182323e9ef146861d804018609009633401b8691a682eb01157de31e01ed88040c03ef14781ba209489c086e1c2d35c8654ce941338422c6e711520c5e20cf0f11524c5b252ccdee70013a5a86bc880d4cae603031c692b49359a411488a1118da8657093f0095fc8163e4c30c028a890894cf080b7bec5c07b3340126d180002d004ad2b36416042c93046528dff43637dc5c31c910667dbe5cf24be38567256f909343263859fc28430c0410cc6300606c4fcde34d1433a7240c115ae50821d70d3026638c460fd9b8f5c4482252a521e5b0b104e0c47f40c4f58243705961b221f4c1caaa168d4c41b9f26e6e4bccb1d864e509089461c63061d48d33d00519a7984a5191af0c4a7e4028bdefad6b7ef7dc7200661832e8023074cd5e4c19e0b02e9b2a5148d6db3d1c8b055ec36a68bf6085295cb29a4d808a8014324ef7d887007318881b7bb006e70e17b126adf032fb970e47bd6000c7845fb5b0c20136472b1a4a680c01e1e84ec2d62718022bcb370c34c2c47fb4614fd000900c2d8c1885b913a0c6e6218dd48c8a4fff5a10f68e723d50628cd517ca001c18a1a16a47e3699535dca2e744114a3d0f7c1842cdde75275913b088a1b6f462ced660f485123a718559e05af6099c2bc190605e2d18867439bccd33e8974ce6c002648180123e83670bf2507323d410e3e5869a1113294d6dc424ff310a2a00fe04c686e94a3e2a8416b282a5601f5a0d1fbd68936dcd00184a0c0130327c71842998b4d6725121a30c01fb5f3f09a8f811c694af5204a21d28a13610519bfcf73a10a45575c0e7029b491c81b53acc8f12759c286bc6c8e80ec0396b729c3188114068e7672dc3d4d98043d2645a973b60362ea41f4030ff4106d8db40364a8e0394e3609d91a5c6ec91473e66737a2ff6542b9a21464905ab2ec210ca60a5927c3d0061336b06f265c431fb048bbc12391837231211845d0c615c0c0031ed09db79d975706f46eca53a2b2084470433479bf108354f3b949484af4909ac21ae0c27a53c86eb1c0ea3dc8b3678c00e8812e482bde838678a831ee8389ede08e390bbd5012a57bc8051f6082be4a114618814c6001e04a0e14c8a57930831100047a883585480fa8b33d8a99ba252a852ff030a7e2287c71057aa8b8ed998da4b02c0ca00f6068026392a15ca082eef3bc2f980239281703f006a50006a01bb587833eee188cc21011f3333f37f884e25b3f84a0814d88aa4c5180094884c65a24cfa83fd2d0ae9b7905d6688dc823b6ff2ab387091088ca830a3768071afb140a110cc1d8b179a1077aa0b65162bb67188d483003d0210218e83c31d3883010029b72830bc084481041e353882e880371889ee9c9bd156caa2b2cb27cb835f8b0070048b0f7e8302611052d300626c0807c188666e83ccf7b0770c88b1568134620292af08378e8be8723072784424648044aa00422e01d5c88955879067168a2f52b84f6d38c8e4325861a1af4208d93d1aefc9b82ed1927c85bb9a8a93df0e800a5430833d0805af08373f4030ad8168930071dc0438b80478b78862b48045ac1040628025e0883438ca90e70833ab02940b8805c080693684185301f4bf4954c64c1117c41857887cab1bdb0b087ff0250a2dc688567e00524700033c807521a81574c9367f8841e20824f6894ca12875218867ee8074fe0be3cd83163a204a379850630009b718c1ac02f5c481e696a0a75d8048ecb424b04b9f3f815ea312232d0aeae528d348cbca931abb23a00812008a02c023740857f008186c90560e80735bb026de1163ab00830f8026c58817ec09072010b37088738c08e5d40447fe4344090084c6082e45ac684c81a777a265873c187fc87033843b07a82766ab721a218f81087706c062490cc2a3c250d20073de83c7a80065e900337d0995258c91228820d381b3fd000d384bb60f804088000e2319e02818fb1b0baa67011f7a381a9aab8c37ba4c229a2c6e82aff0f4a30718a4afe2ba7a801005cc0a69d810af359231c91036cf88460d000f78186ea1c85d6c4997e820c3a30830e40012a2007442c8692ac0182f4051bc827a562aa6951a38a8326111ccc87ec02a614861e3102002802f8632c46fa9cdc18867890062490864f1806c4a8854c78c50c80065a0084d649c9e41a25d10c8a227a2338d291d62910488acd9b88cf8400015a7b46a1fc02f33b0f1e1a8d1c4918d4e0a2afd21c355c16565039724283794892786b0a27b144c0f18c36bad0a53c2207ada381600214d8000d68827e6c8752a981440803e1b0014048a925a18cae8c8393c824e6224c85a0871eb0070a5230f2c887226085f8602cca02144a1003ff695053600807909303606081cea30054f804b8494971a0850b388466188130a885e46bb2ac5a26a34ac1c90accbea4cda17cc6dbcc07c3c326a3aa9e265bbc155d0da874d1351cb622011f7bb13cae74858fdccf85bc11eb620251a8ceeacc015438bdca320937d0c72620078da8053a2817330086892805d6642569411419ba204e2c94793882ed8a8563090671d01c612825f2c3a8113b04c954536e708bb7800616b0d62b00a69c998370d0866e983463d00254648178a000de210242750f0d858f672a25923209875488e8e2387500011728056f78a7ce895437babf1ed9bfc8ebc6e053169663051ad59b72bb8c24a812f24b25468a0435eb0718e086ff89e5865205871578868ccaa47c28c030103a1f700c1fe0065cf58660a8231b4d887dcbd2a6a087aeba8522e80049420c3dc982912a2994d08d70a00248505369180608a0a22b08076e9d475a704b6008834cd8866de04807708019e845524a043768004c408ac952aae44209b2d1082ca54d675c0b441207db939e93c1501d4998ece222c7b38ad9b007178dd1d97883f182c385489d959229d11ba552f8040300064f7099d861c78930075ea0003788078d88031478061f608138e08592b42903888865353df818304271ad7cd0a01a488d03c0802448b0079b83d9c85a58db386e6802689506070806a37ab30ba0030d400532c1a32b80011ef02da7e55dff115258d12c006c31007635c88de8b7e3ad30577846a9aa57e065a4210a1641158dd2180d92fbaa21e98a4938ce5810b6a9843c5c7039b5b25b1038de8e580303f8840b08dcc0250e5583c73411056ef89624d0801b72016de08572d9a7ca2d25514804f1918f4e6d8a02985eeddab0429902fdf8d4528028b028826339542143086673a1d67500cf3c0a3a385570f80f26c84572d8ad19e05d312b9b2f185bc458819e30008c6a4849b48fda5cd46a2921c438ca6c0b16b4351e32100670128634ec0a6323ce4b950d61089f646b125400040dd00018e010c18d08f785c77cf81626c8015162805af0015a18051d7986309088658d84482824298d8a123022ff5c2083a47903a7c3850e7d8a23200a0bb88727780d8a49161544d466680448105007c0801c0887a3d8815118856ec08603a004a0533d3d08615353bb7b38e1153802145241c0bb8f230bd17a255ba45a485fa99db4e5911e690d0fc25ea8010031f2deee9d9a29288501241406188592d1017c880889188478c4248d60005128850d00876e80864f108d79f8042a8808055080529083d74d91cc7d8a3980a3ec228f693e035cd808716c8a1e288a02d09337f093ee392e1b3d0431e0e34d10330678864edb813b20473ab80068f00440ea04cc7cc55ecc03bdeb026cc1e0a9039d8c9acdfa703f284a9d77584c1bf60cabb2462d9a02c9f9aa1d7e03602336ffffcb8216e5c666990d074a27017e8a8648041f18815a7ee2f785afb2c90551c80754009e5c582668c80576140771f00640b8335e758a59499833500f9c268f1e390232c824dee8aaa68b05ce798f3d01800d8bcd24b89a61b88375e0e35aea005ac0049de90626e08551a803bf98903ce83c54d33b6fc82e24322af828811173ae0ee0b859eb004bfc15c67c2446e221d4289815e52239f11e64b1682209d8bc66055c68e52cbb0f1cc5960b880873c8438b68c07c98804f4882e778371f9002300083e2b8d70645ac82708a02a83f5ca8e61ec1694f3a832cd8e67be08d02a0379f58b9637b8b2022e30da0825872da987a87fb113740500003800129f80bff40e20eee780773c8d59c3c11fcb118b3be8fb40edb17b9352a3a8ff710d5d0d8ae611106d4004e2fe29ec7eb5e94abb24759b78cbee44fb5c408ec0777ac036a438906fc026878066cd086c299030d906c30a8927b88e9ac480a325e8850f66ca298871d488409780320b985292882fac0855bf0092913a3be6ea85662920d68ea75d0827ed460fb160526f88411e0100f91e70909912b0886b63c1e202a2da08c8acdb04d7a5d6b6f488c8642bc5fb9aead9aee3380e30c4b961b9f8da89932be26a7371040c0ae0fb6b21cc081003fe086f2366ff39e6f7050004060260bf001c9ce00511a8412080614b189ab5908ec6980332083cb61a3d02003236005ff3dd981fa5000885a70c95321073f88573a064bbbb450baf2a300842e38cd30a082c08d6fc98e877e30006c1071964891cfc20c6c4ea3b5902ea8321f5352a55582dea4248de2e16c9e4e30f6f061d750e5b8853c7b484c23ae8faeb496122a005ee8866ee00630a083555f75552b8cdbd18658678909f0813b3c8990ca996616df84280007f3911a78186d925e9a6d8002087257e80101e10fd9c005dc5b21faa0853b38062df02d4c4b0270c88a1cc8018c620060f003424647740c86e1c9ceaf2071c104568428842458dedb04810e20a5323d3c8aa91e3822031fd90fcd2a0a54668f2a93e8bd16231f074744770ab602551d2502f7f1815aa805685881ff15e81dbd1c0d036009218086ad7681df45195d47230b488d06f0f1479594cf9883006f8d27289f7c28812778052fc750d8059df0a08f568cf3dfc2a47be0a794412e0925227e2d9e0b1deb201207f84cf78450de45a5571048825292c2360bf393b9996bcc2e1f99842380ac88ee3f7fefc6e19b07abbc2c42612b7ac8d1f3c01121a8d01fad012240050ba0856e0024ff12a55208069be2f8859880333002f2889e777326d3768d06a801a848048484f7bd6f2373276b446d033fe02db54b02055801db7103b1282546d051ea098d5cd0064c08862bcf01788b26828f0a1a4802f783aa7717878f7b261de5d1c6308d326cf9a288acd6406d80e7f77f979affc1c10d993f1810c885f5c68622a0833097deacd20a6898005aa8053471017ae09fb947a102080f34e2663d39036cf21356c2280ba0fd4908fca7f0dc2e4088aea4874f9c1ef788cd95e2193f20b85d807b2188fc6048847e263f869a0054708360060626c0af6e208a8100887b715cb5fa67f020c2840993d068d8501d081049ee792b52e022c60973361e9857e3638d1e22a7908c65d2242b23acd0b062158b65cb982bd1d0ac69f3264d7b64c4ede89284a0c2a0075168384485ca8543b534f84071e029d48d162c4c805680910f3d7ac6c4c99724172632f32c14b8d7a120c22fb78c1869b063ce81393b8a944af2645283497a2708fd474698b0572536ffb98af3a594c5098a7714e8f2a5c3a684dd32ed22e7c205bd129fc8003a30a1481771f7ee95ead2ce0d37162ede89eb721113aeb97521f7adfdaf153d75ba75478cf3ce1bc68bae77ec38f0e4c9bc60c170e122134ca4c8330db2d8ab5e7365f5ea32b7b3cae23d4b4c1326be67a179a408d9527122db4ed82e4ca66b5ab582a1040d5a2eaa8c311691a36d0334e490c3551c493cc3845864998516423de0d5805b07a4970f0664e875215f42bd72c41bb7d8f344075d25d15a112576714f1290b5b2014277c433e065f414f0090a4478d6188a71d0a24d2e0e38d0c16ae230520011b84c50005d29b2d79e422544b45b44aebc534a01fb11179c051dcdb365ff0db804330f1961e2720699261d915d7638d974a15ee4958706792c4d824b299f7d8101834cfea38d367af0305f1e817233823648765182685f24e1c630010e188761a2f450c358659da5d03c0fe635c92b4598b5c9047965d1400d192a540473b14c01983d7324414f12497ca1683e1db8c25e376d1cc44018025e9604114c0453c313649dd8412ef1b4228d343fe6738f0d451c60c054471ebba49e0645b4edb6ae74900f6218ed300171c44df0d41320e102d248800973927735d9b3aa9af5da5b532c05cc514029f960ab27051474d2c97c2ee4e102184488d245295fe41347071d40400b342cb030c618f97c01cea4c532f1c9a509b5224c5e7979c888ff409bb4026103c21460415f161c814b5bf6dc12cb1b05e4f370c4b7a2c54037ed1cb4c9155a5df60e34cf4043ecbe3eb50386225137fbed3d5d44f20a5416cc258ebfd92254c4ad9bf838c30c1874305ad55de0b30adb6c073c02dc708f3237dd47d87db77879e73dca2b791fa137e0819b901de067746167c8d96ea20d0a9d08e8eb652ec8e1473c490cb4c92642a000df8063b890cb271d570548072004b5432c2c43388f4f909149e7cbb5b5d2652c178e8a4bad3e2304412661dc867918161f4c0738666843e9bea51c628c3fcd33ebca184998c34803c61d37c767297b8d500192782f09d935843908f96aafdd76c04bc43d02dd758f72f7df82f710bfff09f40b1ef8497adb833cbfeb6dbf4907307187c7752e632ea8831b84400fc844a41687c8841e6044015e9081584c7003e954a610500166126f98c4141a93a2e324c13530eb4b2b5c718f1a64c1086c9a44ad34781033340118e17085b778d18cc8bd031ce0e005ffc2c0034534cf1fcdc2c0b34a300a6c78641e4f908b6368b33d8314000a561c0339b4a20b5d88a08bc4f862172f71892f92b18c6414231ad3a8c64b6c918b6914811989b146347a021ff8f04511c2548303f4841eaed81e0830908430c0810502c258c422e7865c2c1073668006152047811e54f000dd4041375081c34d98ee2029ec420d4e220c6b59ae40252880a98292c2122ae00c00ff98c42b27311b19fe230c5ad04718be450f7af820722ed000382a3816f840226a8a6096d992a08015100124f3f04c11b846cb2956d18a56d44317bd18846d7e719bdefc2638c3c94d627cb38ce2f4661cbb688a754ac1065db0c81c2a390146fc244f4cda441c36e0068b092862fe8c981b78912257d0e20e91b40c2a9840c979a082083640813620652b6ce1b31454dad78deae2157158a42ff72882626a4026565cc865515c5233b4a0054af0026d2878c66518e0036d54f009cdf044232001091a30cb59f75058986a3a21a04cf120b3a8463162104762e4a1131ff88039cf29d52090b19c511d6719b339b03cc46a3425f0c61ad6101279fa84a8d94a61ff3ebc018cc7950d0366f3e72768718f7c6cc00f87d0c365ba21849aae201e36908328be80a27c987595267c8ab192b0b31195222864900e8426f112343480a468a84162f1f48f0d6843a55aa8451718768f2b642003dad0002d2a080c6068611deb40424f310606390022a84c13a1598bfa0f10cc42190420c02382fb881888b3a95c346339a5bad4748ae0a99d08d4c176498f6250971ad4588315ac50059188e500052841d7a688d648dc810764c3210efd198e2b4473907ee8040b72010c3da2c20de630470900519a127c0a2100fc826b26401511424c9741e9c12b5ea1baeccc6402c5ea5f646871012468c1010c8000924ac0044ad041031af808af76ffa18f63a8d4471818c33b060108ee528a8fadfb57515b310b3644210ace208032729ce3e012179c4d7d2a1cd1a9dce576f103037b2e3daa518d183059b8caa0061bd8905d2b9cc00394249682a4285e570c32134dc0007abde54f2198812e66a01c0bdc9007f1cd031a83304729f26b11ba103621ff3ddc01c4528481a237285380d0494c620f97b0e2082deee31f19100fcf62200cc340522956c00b0db8c1231ae0010ff43162b2cd600c7918841b7270e567664fcbba1dda165a908214b4a0c63676863354a18a1df358c9d57041277471d57012f9b990527293752c6b553843094a80073c16e008476c8192dded493d4f0d40216883d361fe2711e45000ff2168000eda8040ba6af0896780817c2500c7b8ae126d4f6e22076428c91be2dd854dc2b80409661999c8802e6742b39ecfe001a3e110066ba1021c06d0c6012840054cc30216bb209be7de91088ee9119ae2f0dfa945460a3c4ca3e3d348c1348c6dec2828a1c6ce50c670958ceb204f95aae4c46a73f31087253fe2b7aa70b512568dec642fc0094e108000aefc8452c3f87f1d60821cdcaaf488412a0ef4c0042d68a1815ad4620ee9ca453fc0505a719cbb5a45b8933dc910ef373400171dbac52d76305185e8ab08ef88c347510917e46ce9898da93304f481040a3bc018dae0c55cbaf00970c8810157b8c653b5f2381764c01c0650a850f945587b66fffc1f9bd88223f6a0f93d24a0f31f07b9b15591727ae4e103707cf954bb895530766267315086aca3f0f1696c7e0f0bb8bd13f0606561ee0bbc7facbce5f3019fb6be15525e614224be508b5108c1eaf318c1c032309a5260e229475a10426a90e0b177886553b0dcef1562585466092a88dd1a6db4d188bd23c10118c8c408c8021a707c81721fd8e27cf09a073068001ba3260211b44e27019f2721c009d4dee625c0c729c18d3d8292e5431eb09cea0d595649e007e4013dbc9e32141bc875dc399c03eee1011ecc82d095da004ed13d78922bd49531b455c62c56ac74c317f40337949f0e3d571ebcc33d9400261c47963148122418dac51b8418019918ffc113dc033d08452b744009915fb52cc655700d509841239498fb750034dc481760c205f8011880c1fd7d8056044a3c18c02768c33cbc82011800844cc0e411a09da55aed2960c7199b3230591cfc58371143362dd75289c01649a02e7442923d02ec89dc1e7c6008ee1efff44bd165cb27d442188c403f00031cc0810fc4c3185c8c57c8caac30413768032a4005e7fcca0eba41223c18f61984372098488802991c4009048311984411948050808013be5370180a7f811f7b7cc21556980378cb81680d0360c26985812764e2075c83b7f98001680020f4030c54891b184024700d064c130a8a5f3170dce6dda112cc5a0c2859e99dde1715a25301623a19ff99e9b1a308b45e3520e2cdc1c3078260ee6d811594e0d7258e6e994179f1403c100534f80034c4031dc88a383c242a980120f002111cc701548c65b8c044505f22ccc3be8843e91cc41cd84d0f9c0dda3dc1539cc4915880b3198405780a06d0c30e8656298c46ace40e2dd5422314a35b75003d7483676003037481023cc3276010d579980f7cc27d318245c0c691948030521e936841208042505cde016adeaa35a0ca758217118391e5c1ce8025ea55153891912e906559b2e35aeed223b0c1ce3982cfe9dea8cd812cdc401c561e0a2cdc2efc651384810f0ca60f80030605032620480d40831331c05a0d885790861bb418841dc41390c93c94102e94ff1d72909d1160cf13bc82304c814108c311bcd0114cc1470cdd444d5333009c4af5242f158b5e855611bc05ddd58236d0428ab9531140c02d3c185d38ccad145520f4822d0445206d41c7addaac39601cb80054f9a19161867475c252a5655661a0add50190c55c3edc239459015dfedc1a946032c8022780a36e85413cfce5c38dc18ef8000340876dd500263c130ac0c15f66cc4494801b7457651ac40174c81350490f9c012e6c895ec48284bc5b6a620e5bb085ed784776848d3d11010f909816bc553e80c333810368f8e2b9ac173744dc2084cb2bb4d8912489a9e94920600116d8422b600e2d6dc22cb440e8e5213dece1c03c1559029b3aea1a5509ffa208acde1f7e913df2182dd0c38f3ed53bbcc31750437639021e341bef154032244305dc401db0e7ffd442263c0ec6b8002f04032a38db476c49f559801b34417f466609ac4025ed00782d4901c41b2eb8460d40c871b045f558002ed8cd1b78cb847a47edb0c9a87400984d13ef709a8762c3333c01385c852f16c030c007c6949639440b38341396c98692780d247000163cc003d88298a98841a4d02fc89a035603048e6578c680703d023d482719d563aec1dc5399de36d5e33dfe568ec5003dd48177d6011dec20769d40b35d19347169055440320cc226491b2df4ca211d4d2e04033608134ace412408410140037cfa676b04439dde294230c72df4ff4071b045a24e823060cf5f5052121480eae885c950873d1cc160b1aa41a0423c406ac4e4432e988110ac40e0851623c087311803c6a418236083ba461eca0c04550a452a1002229c6a1f2483c6288a966d02950dd72ef9122dd8ea6fe198b18225373d97aeba9c1fe2209112832ebc43cdd518ac3a6094de572984951590a030a5c7b456401fd8822d0c420ce95620a1020c6ceb6a0c422db6d880310103848310c5e99474416d3dd3801a448236c01910c74bc4420bb1828464c8260c42d5cc8348ec2bda194116f44089ccd2410801153c1cd97c4b3ebc432d18658b86861cb48303701a8a0d823718c00e94a0e415a79ea4020730c3c7f641c8964668ecff650a6d01cad9da92e918acdd98b1e681ae7dd107bcc32e616719bd25e995ae08d4413524a2ab3d67312840097401769181b33d13b42583e5feae2ca483926cac6de0533f74ced1ec6024f4a05ce4222fa080639eebb3948237d029d8aa07b614813d902d2a99045e18410f548b41b8423e90488958c4b8544b680e9d6cd4d9418401a71dac57f8c0054442f3d6c521301a061448293c831b8c9a8b8d6ae472c03e30c3295482e5268345e0168380000258411e3219ecdd5ccee1a1acc22c3174421ca4633e98a55abac092c5401d94ee5abe1ec9899c1258977585d52c102d96794a07282daafe6e32a88040e4969ea4102aa0020b40ca6adc03d7b9011318ff8bc37c423bbc679c7e81868585471600489ee03f4c8030e4cc0eb0c52db0022e58805418c4263ccb3b9d2ff96d8418c7052999951f1c12c6ec4c3e68008f6414b9ed5d8521d13be497ffd514d1798d20143033900009f4412f24c362c0709e5c1e295817b1191bc8a540140057744ea72e4c9703e25ae952d523bf1eae8265171922ecc9de34209bb191022964d77609937775811fd9422554c20c27ad0a78ca5e7acd266c403778ced1e860090028594865077cc2275046656864d560020488c5beb4e2d014002e244201a0dd144c055c4808173b2169d8e64528c65438f380951583b80118a0f16225241d54ca360003fba994e70c822f18c05d4a5e24f6ff85203003e59ec203f87132589f2023442b14c309a85a14b480c74d03c9e1aa93c251ce6a600cec61e99a2e3dd41c013059040a621ec4000577dc1eb4804553d916b8f0d0c1300880422aa7b2e556800acc85f64cd12698c1c500c9cea00d26c801b475402df8802e349c650071178cc2a4548a31b76a07005895988b165b5fab02905708566b38e52f5e099d85df3f30c01d188d2f75830608682e3441399f581e984324488a1d0724f10a8520a8012220823cf701b53ad10fce61b1254007dea12a1cb4ae8a401edca3ac19abae92912132348fe65a21c6ae2a28410bece33938812354d93a43e23f78742acf732ff4c237f011233c061433492b08c11d40ff9c88b074f6c4414c5fc3e3e4c10ecac173bcf03d685642906f6b0487351f09bbe1500184c48640564ebc13c308f04168801e1c8c1ae7030af8409d860124ecdd11a198398c0025e474f284171e8ff5015b6e28240396598a3db50206a4da349c83e7195b24f37527d075ace1ea5d2be942131b3ac60126bb804447813edede0288604603e463148462abb21f3b761323b649c36fdfc260127c4200531d0fc00239e4608aba010488ce9ee1f06e49f3172fb070884c0fb04c87b8109b00718ee03025a040e4a8716f575241e91424f80890bc831ce07457efb49ef0c129ac3802574028c802a5a4b59d9d40e669dec72df22344e7166932058b9eac4ea792c6ffee09a3633e985e5e931ccfe51e1ee0c2618797479f02c836f637ecd167ac9bd7b40211fce57eabb11c4402598803800b481e341e2aac1859f991503cc5b388439c8516c37c4142744903bcc133bdc28402aa4d36adc8b8011d044a94d2030304e81ec1876bad8316ccc0800f0237acc042b998727b8d8a43391698f58bc7b8748b9f2b30670ab0750af8780717223d6cb2732a43eaee6a443f4214ac5a8de12ae9ae6535b0c1b1f51c1efc829541ab9d98363254828ccef3b44e79b17c9d823349557f59f175053dac808b99c121fcc998173811347ad81e4411201888c4c10e6cc811dc4211f46842dcc2d93d41d9dd395b948268e8f93f3cc341a082368cff79ac7c85a01f40188cd8311cc32ee476e3698042d5400edc821363dcf6a8f84753ba2c24c8a56f1029d478c93574740e8ccededcaa29b2322899eae2ec5c134014749e733a60e9754212409912d0251e0800965a3af61e44aecb28024bb9a5a3786d1c008bdcc6216c435b854857e4c327280059108136185927d48139080bb466d96433f9193c81b7b40cbe414cb77bfb10be905e38e5b5dc361c70f127dc4106b4bb1004e83cc0c121341c7c0e7806508289efbb01c0703bd7061fe43a020b3cc1b3fc6d643a3f8b1e3d40e05cefecaab1b512e4a179abe55cdf1cc62bb28fe7411d64c017489995da6598f0ae369b7cc0fb711a7c43db0ba46da0422dc4ffc36db4032d9818cd6b0c0344021f6903303c5518762b8b194095e3f03d90c414cc812bacc02d40d69f1d400724046078fb133ce40e5c73b540da5ed60220fc4e1c400337b47b12408358b8413ce49f656440b772430fac00f4af80a7acc7570b051f9c2aaa4eeb8b47fec682c0c631601eee0c06a6b712745e02b49ac24fbc2ee4430c58bcf9abba8f6780298c067986fc2893b6a9a97dcaf7421adc00f7670b406c3874a7dda636108661c0d0214ebe244914887a3241db9d0f1fc0e4c2c4a407991a6e6e312991cf55ab7f274f5ac0858bcc8e7c6f6ec59cd4e0cc942f284f0aeb71e455a90213e61c107a608e8509054ad02b7952c31d14ad5cc5b9b722ff97902f5fc0d59867e0da874e5fbf9a0b86cddba803050c4c28222e1f864d38e1c645c9e741dd071542b19345669e8502f73a9894fb6fd396166c62d0a317a7da2302cee0c19b36799a120289f3e82246ec431e5aca94509e9622852a65caaede2bb1e6c4090f1db59eeda254f0492cb71ff4e9d52b9904be7e01d71e0c77849878dadad022e2aa830b17f4ae7ec9c1600e0518a63cc5f381a2061932d80c005a4bf22d4eefb88ae42b752bd69933c18c18b95504ee935746a674d931e7497fa2467728a2149204f323133fc2e9209f2f4a000782abb2e2260c534cf1ea2b30fcd0a604402c28a2005c8eeae21e02871b8c8fdbfae803af34f6eaebafc0866bff45012b9489219f1b6350260a25529826811f1350429547aac96c33171a53250a207f24cd196a1010479cd5aca8a20ad8262a02301070d202944ac05431af1b7e7b51b8124f3a241c63e038649b67b419c38587eeb9479c482239200c6ea480c18f67e6e9ae067098d040447a3a580a25efc8e8e01e228ca0a98002cea06907b892384253712638c03f0b7698b40811e3d844b0669ac8241887ee29a50b08c2c80590794441410729c000a38e3aa08944812bb061a4881c7200b5881292e8a03c3471e20319641ed82daf16818371b8c29421b29a1c95ec51b4d1862cf203624478274767bc154d0925d8a0861a71bc59c38ad73c9a678e02065cf6242fc1acff44b731cb0c8e599ce0c8c4180768d1c615548800e32a29c5290293277c80a099663a0db40622989063141193c847d9da7a28593d3270b174821edc9b23ae1234d5942f5ca6a8798a52ee49220e57b83c298c4c3289c78d564b29a10b394401e4090d50f0251718e2416114261418218c52840d868903fcd252d9819bad40ecb1c5eec1458163c4a0805c6889a198b79964f219b6e9a9861706e2e9240f3ad65823ee3d00df438e12565b639659b054eb0b6b71229bec0902667ce0619ad1c27239b41986174c9e21dce82ec099c7071f9e99c0024fe7890493121821a3049c4754f49f1e5e790528f66279c32823de78e309b8c83823e6f88e98c478e39358ff6c649420c864865da840a18b2e4a7115ad5c34b820bb3bdcc8611e3272a0c0061b18610417269e3840ad7b4a051ba54040b9cd165b9249865a33d1dc641652a85132eeffa7a18c6ad0a313bad0053d3ea38abf05ee1ce7b0022948718237c0c65ef8ca87be50020a12846937b2f0cdd92437b06618c3185ac0000a2010284c60c21b2dec821b6a000d5e1825280760020506012f404c8f7a49c0406dc8c013dcc5621244d1943d70f13bf3c4e2166f88cf13b3c00a29262f0ecb3b090ae2718c63cc0018cf1895385c050e6ef8407b7e2054a050018d410ca2143640c528b4f2846a61905981c04db4a615b933c5052a5b60c38e80143841ee210a3522a008ff4490a4287c6b1a806b203c1ce188135c0936ea2bc2177e281764f4ab1762eb8d1edd774531580e036370831c6a5003080082084528423798000d05706d0e7310c227f2908156b9c195a34a56cffe3181dedda2646f9844110ed000659e0e2e6f50a6329f189f2c4c531c394b546d7871087d68d11861408580eae4036d68c00757a004ea06a50073acb304d8708347e488bf5006c22e620ac5fdd056a24db42605ff8b1b695491984e205291a2116403cfe1083c08600b14f44b29da17172ddc060bb9c1cb2741b84734a16217c718432969010d8fa492080620c227b4e1867970cd024280809c5cf0854468635205f01a30ffb19233a4ec0d64108af16e21ff14b8b0ec0cb188c5136ff14434b8b214c95ad606c2708c6dce6006a2404517aaa90151888201a6431d36b04107b1aae6139180a75a92203bb0d1b32ef6c46708e5d2474724609081fb510b9c31247a644617490a8d4101b7800538c10978d842242a390146a455a3ff4046452d5a018c56abb1c3d940161512872f688308a99c477fb0e1835a848e6bb40843821494048e4d600201cae73f0a708b1544aa01fd79c2246e5180a2c06502a97c8256e6b1d2a158c0580372054ea0710c1e6891aa61a0848800d1aa22ece074fd1941de3a91847bd8c00dcf386b17d21aca939ca8ad78b9272899058208b6e01c7b68e4202723a447ecf52bd550862a94104806ff0ab6b002b8123cfd228e886ab25fff4a0699322ade7f34638b33884312cc818bd810d702417143fa264001315035b5f390c31c56b18a17e154463538c01950f7845a1a65027c7445128a90b1e0da966b0500afec9aa7c56328840523b82a26ecd4859f5498166ef88a73dea1806078c7c43b18091d99455e8b86e2bc091e58615a20c80430520951986f1eeafb882878eba0e7186c613d80588f1c600737aeec973898174ea03794cd6804551ffc286ca8f82805d8c104fa61140a84c3010e58c8825670005fac22023680280637918f1214a0ba4469eda45c9c04fd54d7b6e9f38b9b51c2803bec62173350c81858e0065e98a17a5df0d00e76800a6d9083ff1cce49c22096ac957b89e36be295b25be98ca65620e017f0fda797abe102bd25295dfb1d2c1e7e412fadccb1449b8c333be66ce5507ec2723368ce3d9016cf2294af08b528001384208d4263200ef4c84530821b817b214bad9b70548c2b0c2a9bba522e9b884329a66b3a0a133740c6854b1848680c5377200ff18046379e31bd5e76411b70a0f518f2f18e7be45a8e5eabec70a47c172abff5e370d9677bb5cca41444e13237ca877dd14557069a99b0bfd8020412bb58b5c605cefeea859c830d3614745b41760a463ca957a76ed00206d2d042a119f2854874b6062a6ef3e24c759277fc44d37e0ed5a870260eb980000349c09a876abaefa6f61a2561ffd800ad4f3d86777c0210cfd837569310065a9303e31a07c459e7c05805ffdabc24775f2b3080876f316932ceb84c1c9c732e323b92bf0bfdafaef135e0c1583b37bb0142b6290bb63630efe9deceb838ae60af368f681866709334d4ed8a31d0e31e804865d5ef2522927069073d98022ece300f578f2a67f968485c3751845456aa01647802ec1095759cc87a0cd5af3e920df089a308285923d007873bf08e411860cd061005897c0d59915739f4eec372ca81b4f2802a861e8fe896cc037b663cbc26b145107cb54fe1143aaf17b02de8862312b6e18a9000ea5805134c4c713aa0f5e2010928d0d0346b43ea457d6c2c7636e11e6a27266e61122ce075ff0ea00812c5158eeb24c4e1006a00176ae71574020d6642997a20641205a74ea215468005f8aefa1c820e22a11f34d0b8bccfd4d82d1fc68f2f46a101b061f7064ffd0acf004b042a7ea1912883f152c0196a645b7424bf0eaaf2fccba1320fcae042834860003f4f0ae5c2f5a4e11f18400c18f021888001b2049372a11920a1029943bb88401b323040c42159788652da23a91ae00d4a401c62620736a111ff810ca600046be7991ac008b24099d0000d70416478462eb08112f2200f9cc3051c2209a041c56c2c1f86e10eeeecd4f28109de091372c000b04110a50f6c422e0ab50d6cf609fee22f0a4ce31194c119626ee6f48f5ef882cd400d4d902100ff7d8e00414f9e980505e0201e68801778610131a014db8109ce060322211e8c61011d8021c0edefce0a5f6cb11550c63d40703eba2026cec0151c910c62221684211f8d0aa88ee7780e005176ee1f40001ac221146fe421926005e8c09292201360e0fba8ea393e810950c00f12a1010e25516e31ca200bd8767160fa28cbec0a484643fed665f21a48ffc210c0bc860ce1e2070a6c370af02387030290001b86a10d86ae9432ee1d72a11b2a88d7ccc072ba6d4e4a011388c03b56aacd9caa676a671274ca52764018cec01e18a10330e01f9ee00c2681f99e090d22251343d0788ea014be6067cea415b4011842f13910d20ccca0e3ee8112e0401f4aad39ff5c00104a0110b8811b0cc0c602913cdc87f0464e0d4b0404acc0114483f12a833448e3bd28ef18294836686360aced1967b2fd988509908006ee402d494841de21c96aa1c94a80729a80b9e4c41c180110b024c04aa536dca306feed16dcc3026ae089262067fe6107de710a84e108ecc108a8d23dd0e00dd0c01e58610335ef24360110c0800e4613219f6156762d0c7880d4aecf0c982007ba41580ce0ebd6ce25e38230d94f1a43a93050aeaeb60cb00247b016000ff66f0e12e7a6c0c6da406137a0d130e102053ab309e46003da6106e4844e56a0ea26e055ba81d476a1d6dea11456401b126b194f026526801ebaa0070e912840f000baa004fea114ff8629267ae02c6a48280a80888ce7096c6c7170b01572a11fbea00e46f32a840010724119fb810760e1e236470e82c106b881110cc0286c8a7dc8132e72b130691224131332f740bfea2a32fb0b1728e85ef2c57df0533f33133d4bc43f91401a9e8116cc000c5c6034ebe440b3a4bbc8a147c92103ee6405ae740c79abb6608ca8d2870ce2e3ebfee11ec8c0021440c838add39ea00794d3088ee0d348222e36012ebf200332203a00a11bb2a41ff4e0529d031a84e00a56817c5a93cfb4a4394b6449f5823ff5c93000c73d994490f80bcd4a66cd142793c0e6071ee014c04426114c33d10405a48106a4c1189a010eaec005e8c04ec4e113aace0268a116ff3281072e3503060115e4b4fffe0f25bac03d60ac061a600a84620aece10812a1b572f0c5f423283a6d289e40458fc0925eeb1f106f23d0b44ea02174949502c0c2053e011b84001a74c0176ca00b66259e0023499b050af3a849411201140f70fc09ffa874a1acb45e1e4a544b042639880073d54b878357610f04cc6003b0810814a07a4a2112bcd102204003ba222c72011cb0410c1f8db7806f36dde30c3a043f6cd628c6b5eb2aec3f00a400e6612c8b6862e9c8df3ea11d06e11eae82097c60a59880092aa40eee8002e6c10ca8c01474a07a6c4f603b00074bc48ecaeb607555bcde8f6117c818096bff3a2219993220ab2d2631d65451020520a115ffa401046801598920123e870980720e46e71a2e24178085519692424fa2059fc92b2b315272b6c54ec215d4e3d542c5a6a6673d0cb10188a2cd9422d3208e0eae4201c02147bb811b28a41da0e100e6011ce2016b73c8f610562e48d5f0142c078ba10adfeb7fbe306d5732595b52bc2e5337e23676fb531a5aa1113b4014ba83507a89b47ca01d2a040cb8c10fb0815110f477878a712be5782eb12f74d6393b2009a6e47295167242300b6281157c6a0ed02a20eded1eba011b4673105cf6090c00576020023a4508462057c060106c0076c77654b1a05f2e8a766b973050d517d1563ea56da56cac3243694b71556e4f82122021f63a2012e4c03b56001bff5cc900e6c11bae0006a4400ab8c10d50a13b00cc8202926572d3082ac53d90aa088a0272ddd5defecd0256607b8fe716b2c03dc82028d62793508109c2615cf3411c98802a14401b80520374a01d3420174ee719a8000c20155a4760da3416e40cb654899759106f0bd6d36cf18fe6faebf2b2644b14ec322ba182c7f82440e00e2a701be5c00c468a0c26201166c50caee0849b011a72e1b73210028800ebe2e21d58eb008c80a768620ac8200b86827d5122506e411870011f1bc01eb2807b89d31e3a4503d1061cfc001872b803e801e030c10c18e00a744003b4011afe2c283e211eae211421f51318a082da9580ed022fc47880c9f60444529028630fffccecd9d4b65eb0f4826a178ee59898e3a20d2ea0021544016028367a20123e410edca019a8e00ab821633c0b0282c100e6c009e3eac5a66b07e6a164a6c0023e0bc350a276e423a98ca01f27210b32110dfa42288a5830b4810a3ca11fb801051f0ce0b0011c34c02f4581b86aa81fb00bc998005076ad6b075300eb4217a9f9f05ce1178e795595b9f23c0071ceea92e0ca32e1961d32f697e5a20de0600199231fe0378e8c620534a01d46471bea002854f7b356204201611ddb59d3a8cb539e20b8666c0e2e257185e1a868ab01f8799afed45318527634a0099a800a82211c1a42ba76c00cc449286ac8026a417045d1397821122038122c8060dfc760ffcf13a6c996141c614a9599e61c784eb3349ae116085e7aa5ff410812f02436600368baddee018656aacf22011cba81c26ae8097240851361ab94871e6b23095c062aba8eba4e347dd8b70050c2028c6a7bf5799a8c271680ba3f9cba0ba019259ac113b2331ec2e019e8a4048a80016aa167576c07d25a0f7a301f6ea9c90c0013dc562ec0b6a399f4a3417a0bdc3325d396ff60f59264f58de1f60f06bbb184001568e02484e08edb4d74752d405c8d3b05ae9636876a4ac01b0ce00b105264a4ef1dc8e015924840d00ed658eb67bbc05a8fa006a6c012ede15b7d67b4fd637dd8ee1f36a019f4e1c1a1270ceaa45500f6cf88abb58a200c6cfbe2662f18ffaaee0ab4011cac084d96b4ae095bbcd40b0f5ae0984bfad97ad7456236812f533f0f4c0d8560185ce01f68e019a461011902221c3bf7eac40d18e1274ce719cc8016be604a88c002c0a87a62473034f410e5b1066c6cf87a89119a0a27a68076e6e127cc9550131c292418257280071e9caab48316ea848951c0eb6caa14ccc01360a1d44cef40db61045a9313375276c318811318253641c5d793ba5d552995b15ab5fb625d5a0d19a010c2810668801bb0d921b4d98b9baa1850e01e5cad002000059a43bb4a60058cc695b45c82e323a9de6025700126a6600e4a414a8aaf03e042720535c568ac2842055916fc24c2810248addb36001c18a09ac4c10dff868f11c4811e502013486de13a202baa5807a2cb063b71389adb23a13b94104fa41d69990b6b0bd8b8430636d01d6b836eb517d2a0bb0783160aa11084a0152e40119e2eb572e113ca842d3e56b34aa1e266202ab40b4f26453c498452dc7166c9a02b95e90de49bcf6b3d1f6e3d7d7cb6cf3212ca40600432a1c1a86a06dc2017aa8997a727103b400ee2e1d917a203a0a119c2400774e09470c6a92a2bdbc5060800dddc09c39823533e9b39362278b9ef9304d07d37d65d0a696018de7d1886610291e0d092800192f26c36800836c115dae0198621f6e240e3ba4be0d442c096057264b866cf20b6bce30c726667fadcdf22c6c82fcd725f5e2307a315ffee800a369eaaaa6f0406a71444a19a74c61518800aecdcdbe2001a0c801b581e182261dc9acae7655e6cbf3881a14200e021255d1ca5afd78dcd1d19803edd87be49dba00dde7dc79f01124ce8c751a17acf060236a015daa01ddaa0155aa11c1fec274fc7d2545a38a06207b475d5e7a152d0c043ad898ea0c2a6878f7cbf60b3fbdce4c2a009029f4053edaa4481cd055108466d17aaaf3946470a585e077260fbca7d30ec284c84b9e66d7e9f1c81f20f1df3fe3af3373f8ed59ddde3221cdefddd1960e8b4600ce2e0c19ea1835d64189ea2f501428ba2569b5c75c8778fc8b327f39ecc295022dfa67f1429b6c290a44ba25b1c39669950a048a97caeff5a55ac58300ebd242cf3c5e9e0cad52610264fdab4788505b9313c7b8e71438b1611715f48863b442ee9980eb40cc000035587813920474ebc4931d083ad7d2a5408258bcc3c0b05ee75a88935ad5a8baeb6386ab1c08913013b7a90a9f16442912f67d7faad88acd2a94a7d7af54a73432c59b3684f86f35728f2864399668cc997efcba71e35c6167836ac0d0a24a4916c3af8ae54b07935f02eee00c2662b57190b1ce8f8e4c9010b3b8a98bd2abb604c999b5a35fefb0f15153d3e316706c7cb4d9752496086d9b56b69874f1a9e420523cae18e2e49726d48cb074b25c25ec12a2edb17b9fc7f20489d58d0c2099e2d763b3fb43adf5a889040c27a86ffa5f1cd7b8cfd33cc4934d01259646d740303392eb840cf17dd70f6840545d4e2000a4d40429a0318e4938402a8b8d15a0d074c405e49376d12c73d5d14d0801146e032cf3c2f16204e1cc061655c8037b5e24627792c99c7852e24c1801b0c7c225275d02875a10f0648f11d1810e492d75e6ec8819e7aebb51796670b1af9d7265bb470ce395bd440c65d2fee85c1716c52e40581583c7060826a9ec50b13270d338c3f90a90342377e28c9d217b570380104b4b4138f160e6c8ac118ef0c52420e4cdc35cf7f4212e94a1c5f1cd0c0240d34d06387407630e49e7f41134f1d7564c0eb3bbebe8382196e0851843849f8c1020b1762838d06529802c6aebcff98216b7410e8f94f20a70cc65e28c928189fad69b5420a1ee738324b8b9e9572aab82795f3038195040a6e2b1098b14d4542d0a0280d04d572483c19bcf3c53d3edcf54431663cd3ce0c5a688141072e7cda451180d489975e5fe439ee693d4c829b6e7aade9ae5fbc000206afbcdef345cb1ab6e3436ff7d4428b9380d4e0872750a90c4da9057c72810f9b0c5d5c45da6281742f5e7d3b28b625ffe3a6150294c09a8f133092848c4fffc341bc24007a98a0afd9bb012d349c9d8b22fef80b822b66f072c5208394520a267676830234d8cd60593e1417014e0e76f9389e447eb59dcf1c53c472c06ee3d1e3cad67eb522c70ab9c82d37cb2d0b01880f72ff14d0c527702cc90436384bc16506f9d013062f07ece0032db5e4d141ed4567fbf5565e55c0f4d892cb468f00a44c70406e640559abbb840cf827bd830ec3442bdc9c4d83106b339aea276468c3840d36c8a18d584240534b3c7a24b5e43be654bcc20afdc96a566c93bb924f29054c600148f7b4fb7b5a9ba0028e670cc21c0434c73d58860a4004832c4c684706c0e08303ccc30df19082922ec484783c8116d000c31deec0127ad0ca24da5a0f61bad23bf838ed699b8080fd2c3007dec468856c1a47391011185b18466cf0e1451bd4b1af56b4611803994d07e8010132c821185de8c20498d01937f8011875e88415eb600e1b308209a3a8410ffaf3baff19226736b52900e8b246c3dfb5a203f7108528b881b9411c50338068c7047261063050001573780204da51c54eb8200e2cf8c43c5090ab3a40836ee2801c094db89e3ef4218524ebdf3fc878a31d84e437fd1bc73e10c1ad1d2a08039190060d8601824dd0421aac4c09035051272210a1082b48440d5000083fa0ee3b3ab00137440108227c1161c7e35f9bd858b12e88c37096540bfd4a5000510483010a5080e68460001f54330cf118c104fa988b118061492ee0c915e651be0fd4e113c4ea02270551a0f53c4092a02845a9c85149e4284211f2014107be90cc656aed24fcdc53213c89080389524d1b78060d24e30a0694c820f988449dee320a2604ffa333800004154c01521de8c017fdc08530ed42aa398c078df3994d1c9270407a602079cdac883f015a806981431bb970592d7c500b3a00621460205ef1fca0ab3cf0240edac88406ae61456e6843935d90883af840a078ceb30fb648862d6c018ab02203191c28ab59cf6a564270201a84d8075af74188b8ca55ad5d1bab5d91f1831fa0d5acfbe82b07faea560ec8751ce310442a0e2b081b12086cbde0e13ddab18d87168216db0003121c109397ae0063f38804384691884f40c3079e1029370e71053740609877c18b4a7d432b2319b1763249a3254f83d36f0a211298c0040a9ed1391418201edf6cdc1cc01148edc0e1107e806a2720c81bdf942410ffc8e0562425b995ad200d0b88e8ae1abe0bdef086d7105e286f79cb81def4aa01bd3fd81628b7758a3ec9830479fd0133ee8b5f35e4f7bbf7852b610501e07110821983e16a2f2ca182f77c2112ea804c21720107315c96a283b802a91c220a0350c200e04001304670054c008335176d8d8fa2bb3f9afea515a99c494d27779a2494a208f72bde3cc0e70321f8e0028d6b5cfeba313aa5d66e033e1881aea072071490a514b4fa0332e229cfad9a10beddadb278c5eb05436443139a288397a3110d43ec23bdf86d2f09b28c031c7099cbd930c495dfccdf72c09510841530334049185bc8220409f64c2ec271b6c83ce30eebd0c20c3aa0925c7403612a2dff00113420875c02231eb9285e8b5aa31baa806e7f037db1a753728f1214610730cc4d43980081dc88ac00a800461e7652bb0e14d98a290303345e54d54d7c6209f2c0c262af9b5da455d9ca7036043abcbce6647379085ee02f227ee08568a063dae8503697c9fb8361ab61d888d06f7f01bb8f3b23ed015dad873bfa4c1614b442b2856000251e76e89742000676d24be898703f0be8bb710c89d56e4052a5117a7ae01521c8416c4463fccda1719870dd6e42428b7e2825d628a0c007d4b92b2208c143f770db21feb02d488a7c3df0a532b7b35c6d2e53dbdad7f6c22906640835537bda2cc701b65fceed9c3303bc24e01657ddd18f110c4131b9c8853affa847836758c0d03cc9cc277c219630a24214e2b891c27b6cdc0950953a719009c1070e814f4060ec0ce0c530602a6a1aef600213f884be7b63ac11e8443b1d40c121409a325ed5e200056072371ae10e4b847ce4902cb9e1b9200f69cf7cf18c474734e491f8c64b7eda8f2790e1dd9b733c9f3004eec8c30854d0190b68a30deba65eaab173a12f28c00d75f259dd50748f84e38fed4240053688b0023788221f3051f1d72527876764a2094dc8040cee10866650221ca56862118a60fb9094200971c8230be8de8d6e3ccb14bccac3277801237a1ca21199584260082ff2536c573d5ce042ccd30cff3483d910f48f46fc710066fb4b62fffca77ffdd3ccff7ff067082f201883b72debb75dd9456eeed009f4200aa0370fb40003c5611cc66106f3901498f105cf103ea1570091c000b52363cf470bc1620666c00429880a44200abd675bbfe72ed7a10ffaa0058df030c6c002c8f70cf7200ecdc704425002f7900f18800a15d213f9500b7e0006a6a02b2a530b0f710f87a005fab00a20f7270a985de857095ca07ffcb77fd1d07e95b0155b280f38e0856728098fc7059084785d7886f2408062888573b815b61002ab80193900816120069b02027f08026170087ad02429e206b98030139008910013a9920b10b07cd9816849200e25e00d2be0122e08832fd60eed801dbbf030a18801c3c00b28800207740f9f70ff0fd4e70ae110064ba5121db54b79e7029fb001e3d10c62b00e8d100661755d92244990f402c3f802430005c7888cc7280fc0c88cb6d07ec4908cd1b88627c48c2f200fd0188d50200fd36842cce88d76e80e4e3207a0470bc030030e4034065164baa239d080312ff209d5e10acf8002b4e000ace400f10653e2b003077040ace87b9b5832239009fa700cc7108a9a622218100edaa00d5fb00161407d18e00a3e707d98a1631ae00952a003e6c02b2e400b61e021b9b80eebe0094bf055ccc805d60879f23004011000c420933349935c60095c5001c4a8932f200331499332290369e0153ab93b2fc0050110043ff993433004dbc80569408c85910cf510ff0fce710043500361d0043380011469101c84547520470c200a2676009f400bc3400987c00bace49626721005530435f07c45e04e24f18202692421b90bb0b00b7c738e0bd99518900961c000cf800dd457770c70214900014c30021fd591197021638002bc500014a08b8d700c77b00427548c3f1904a3999432499aa7490c3e999a30099341c09a4ab99aac299baa299aa3490cb6a99422200f15601821800f17f252733004a5b81374970f296806dc2052e6100972606266d00e70d00d62a005a4d10aad941219220ea2c2765495041ca397fdd30a2850217a00985cd995c3e10aa4140661f00c4521049f400fbcd245a8d00ff12052ef8019b5d30d13b0ff04bab80e071906ee2049c5489ab7399ab3a9a00bcaa00deaa00fca9aa82902435001764801c0190774b0042a802cc53906719019d0507480e00ba560032cd21a61d70c54600c9be2962cd63620fa05e2100939901b8e2346e1a946ae3002f1d00949410eb53398e91913b2936307240a509108da402706e00bbe600efa990f63e00a28c00214000707790cd8e10ec9e015a0d07eed670b9640a6642a037f60093250a621c0a62150a66f0aa764daa66e1aa772caa6703aa7770aa761fa9469c0794b821971800aabe00e77404e8d095357601701c4088c70313500407e4005e410989be2006d932a99510aa8b0022da21b2bd5693aca427430027450074c22ff64b1a6aa1bf05342d00514703980204135d00d1420521990042e503bc34004fd7008b000acb0400e9dd0a5b6d01ea180acc8ca0e40600d6c6a0db2200b4020add34aadd56aadd78aadd92aadb2c00e69e0addeba3b15200bee600a17e21c28800ff5f0014a92072cc183a563179ec50dc0f009901a0cbaf4017a609e7c835906119725d00517454c7d674ca2fa34b32107b8c22ba7ea248314070f0bb1d9270444000cc0100612c41a24aa0375f00e83543b39d00ffd00ac404a0e17d0a5c7eaadd46a0d2b6b0d76c0b22fbbb27620b32e0bb3351bb3332bb32f8bb33b2bb3d3faaddfca3be4fa0ef4e01cf9d00f4bb004cfc52b723363a2805235000e4cb0ff02dc9040ba040656e4a1470853a55039c2442a61c45206fb3ba7f10c87b09cbcc21249e01210fbb042500bb5c00057600036503cb9e106be900b511aa81de00b4b7005faaaafe903035deaadec60b8ecd0b23cabb833cbb2397bb38b0bb9913bb3d39aacde520ff8d02445fb0580e00ede8139cd870d4e9b52806000cfe0061ac925d1d2240d9b045fd07c45100c82f38e23135b62bba3f9200a146003042437bf420fbf0bbcef90401da50d0b675c457005bbeb2bce410714300a9e6045ec3a3028500f4149ad333b00d9abbddbcbbdddebbddf0bbeddbbb3d2daad69200b970ba8ce9104bc4001f5505a1d99455a340afd7162e0d00080e00630f0a41dd9ff84efb0b474e30d4590036e304caed177cc64bb6ad40149200a44e03d3680399ae3322d730f6ed039fce6388e8602bd2ba5f4e006ee300217d784bc620e77e00ed32a0bd610be2bccc22d1cbe2c0badc920c32160a879f0bb699b043ed0bea8f3c05a04015eeb1a3bb006e0600057f0a41bc991054440ce5700c1100c05ec1010e148097c5b6cf409dd800ade4337a8c8c5b9b002f5fa0936ba6aca7488be82c39b750530b09c4a5c0244b00af8f0452825b0734cc7756cc7778cc7745c00dcf0a4bbbb0aaba02b880a5345e00636300af8f0a44dd4055c44bfaff5099fc0041a100654803a222552dec308cf5700e0e03ef40bb6b54bc5fd4323f79008c160ff06bea0c5a53008e2c09c9820bbad4104d44216ee0425cd9032be52304f8c0ad0d0c77463a236d00506c05aead223c56cccc78cccc9accccbcccc3dd22257a02bbf42305f300880800a3d0008dc80c88dca0853fb3e7a4104913082b9a07b173052dee30b8990081f880b9dfcb5b41b90a16c2bb3910fe2500491a0406ed05b98f0c54c30cc9d010114a017a5204271f009dc80cbf7500a044c0680400989acc815430439c059ba710031a46f19add11bcdd11dedd11fddd17360bc4f10094fd12bbea2d0a880095f94cd88ec0d5307c43e83098cf852376201e0d351d9e70616cc6127f5cebe51b0f22c39f46ccf132007474d2702ab2eba610129e84e7140ff9171800970243725200a75820a878c0fdcdca8cff70a5f9b3f6624d6634dd6656dd6678dd6692dd66bb702d1fc2b73d30580900876e1d0f8800f52653760340139500030711033466a36860a83bd03736c967a21507929d4b2453fb117d8ac41cc4cad7521d10ee2dc75069104149008a1260757dd1aa23002dcc00d755997986001062c125cacdaabcddaadeddaafadda3dd8057240016efd29cd9703da8052e07007768d0dd090d4ae4104de401231811015936f0bc710976662e2512c78b9d82fe65236926f58f76f9a6497e2c0321cd8015e1907426039360001396096a3d0db8940da05b003abf13abe410f2fa1aaf12ddff34ddff56ddfaa0aa26e00ff0756e42b046403525bc06e700730000324aa2e0780090cc0173181012fc58300ab7630c46f161dd6be01ddd12ddd313663ea2d04b5870261f7b6b570826fe30a7080091b106bf5130ca8f009a6d31016800d0620dae95d006f4038e4412b3451813bcee33deee33f0ee4404e34e2644524ac4564e0cfa4220a0ee9077d5435b48009b4b0011bc000a67882bfc50070b001954863eacd76dd297d5fd0758a8de1b6b2093bed03d0d09eda109de1902c2cc03788820db9ad0d61100e2e911925d05175fb2391504ba44d638070e3171eddcdb0ae1c4b40a58c0d28e523916000235063b9910bb5e090617007668728dbd006537e9810d00ded030e6eb0027539ff1d452170654e7091000c7470b556743e3d819eeab90128f009e02007697b0f0c00081670d100173ab580de7559006e1009b89635652e04777045036403dd6006500c1280800fa3c6ebcf6000940e06bbd09596ba2931513b2852899dfd095b6ceaae203fa8fe757e100fd77071faaa146310ebea593b72a07ba8980ba2703f5a97da09211d15f37c9140041de21be0b9d8dc603e9d50071de906444006ef33cb6ea0d0a366067e400999a013941a98f28e68da290e72300fa5a0dd6a3b53648eee25730560b0aeec5a9c431a31f84d0fcff0093bc804cfd0e5a053140811096e90088acc046ee033e200ca421d0999a0079d9001f1700550c45961740f9820ff07f7c0047e700750f1a34911efdebef105530291d64441c88a245ff2ee822457cb244ec213b1c6b698f12b3e1076106e97420813355204335d02002be8af1311f12caacd90093cd009c0200ab910dc5603d40cc0049fe003f140f556a454671fdf1ac8835d100c9a14127719aa61ef699443018a9f7794e902455bb438ac003e6006b6aec8d4412ba04663072007dec022c61e39d11d0699900923800ac473e023d375cf000ddda00da8d30917f70187faf9eabb8f25c0a99906702371f9985f53f41c06dc90f02a83ab38ecae121cf85ad7d9da301d3245818d3d6aa2c0002b40f8612bcf1b802972570413b0dc22f3dcd88009a8701aedd00cf120fc233cff306fbdca96b82250d410770210a5f2b96af5cfe0418409152e64d8d0e1438811196eea90cb0f0c731933dee3784fdcbd4183c489438549c1bc03162614a00501c2c04d065bb98a73af4b01689fe41c9850e45e878212850e5d48cb4c980ef70a4c38f0e489851d457841f8c4e05f2b8a49daf59352c7abd790214b8ded22a7088460d87a90a98132eacf9844e5cea55b17e1cc7ca53085f165c3af8db181c77ac3a4962d4aa845ba0c43618657c15620682629c10b5a24953e3b80b0db99e1b35a1b922e9d336725aa7eda686d6a857572a9229f80c5d3f897d1ed22450aac58d1632ddba7050412f45cdcb871c949ba44029483db6de88c9e4572d3cd3799ffc3290b1429752fdfb076cd180c03b1c9558724e24469dbb11dee71e39f506c8a53aac08e091b18d4d236a689ab4d023c2f9f244ae9a28867a039a41d5f7cc12d376c88302087eb80b3a08012e8210e3e0e3b142aab9bb0e12d1812492cacc21adae2a9800dda41e19043806966c630b409c7950113c9213746ee89232e0fe9fa64b5bc8ad8000268a0f1214968c230e3990ef2c9879e243c3a7007063e01670537dc20d180604441719ee0ba48a20320835473cd83405caaa91453c42eceb69e30ed196d1868631b695a0301843686e1c50c3398e8200e398828a18b2ebc73854db950c00b150ac2b8e31a3132d5479f0d3680a39d3cbf4862d47b607bf389ff1ab0a92112ec5a4df18915cd4413525ad7cc0ab61d2c68ea89797a2513560b6841411b5e1c90e65875fcfc93a6386889041326e8f1a884121c0daad6885ad9af191e76d965537d8e11178319ca9d01cf67a424d0a622726dcad7147b0536aa52ce4c135b7c8d332f1f9bee9bc00280039e40086080618105078c6d4d591c3b88f28b2f3ef9e48a487219cbda7c1ff286d05aae81e56370c53d0603924bc660506ce288834053f1b3608e03623e600ea80a68341f0ceecd78e7ba66424f9c03752b606854a001060c16c829d781009bc6f1bc950bd44bb1488289a4da81aee5f92054769cc98f6b44f8786c6f7729d961b4c7c80513088458d740a1ef6b6fbbff2ec439d315ceb6d6bb67f3a2ac92a3049b89a78e3cf22047690c9e3ecf6129df29b514519e59693b263089849e59f746e113540c92ec9943aed145171e78d0e37472c6507d0c95d5cde70b54242630892f381247b08f92880340adf7f69d28d75cc120123f80c9050c30bc2a3c8fd5199792d4914a602207c456522c512236dc191b517239c8b538fa81e103f23fe8e4fc4e0a77c105d767e72811683049b7fd7ce27098f7dff3b7ab154cfc88470ae4218f7079585f0147f5377150ab08910047761253b724c8a11666a045efd8540caa584526ae89122f6a0103538430845fc940090f48bbdaddce407200841bf2713f0005c882faa3215150503c2988d0ff14752861093b12bd45e5a66abfa94199ba438f176260029890c30c3b44a8bb60a56f7e43c545a4704529e8400783d8c80fa3c7a8e5802307f57aa10c6b7846cf50220c23808116ddf8171b3c6868bb01c475da3287a8d8ad7ef67398102291030538d1335f30833684f0bdf2980703683b9456aed00c7c34a82f70f40b18bb90086c7489088929c1177627483486122214f9423bdc70050adce139dc48442be7c89ce6d811253d11c70b9fc6c80ee0c88c6c0ade221d96b88651461ba308030c9e039d56424814c1c0440ee265a79e94c05ea2a42651e8730fdd58400eda700320bc49224018e00a2bb0c0987852845ac650400d6324fed4549ec5c1304089ff44cf4d98d0cd2e75091ce0d040982281a222c6ea3dd524e8283bf0859b4c0066bca253abe6142758d1326b7759673b75761c0eca933508a148bf74358f863a944e644ac94aa499b982a674217861d75274b52b5fc5d4292979cb44152245e17520711bf5d03a75c9d3847434a1ba724a4c7d35d392d2cd47da5369530f2219f4dca304429bc0bf02765595b4a7519f7488149b06cace78751320102456d0d332ab621560551d5a11aa75b7bc3955ae32e9dbdb823647bce6a651f602eb06419a8884f806a30be3c83b1c629e3814e8ae786dab62ba93045b0275ae347441222c300fdff4e0000a39c02b5e3145f77544b4f7806c2e2fea901af4a00008b1c0ff2beed1a127e002179e7d052e5e7b53c44265b4a24d023dec0720b24e3694f3a8ed19648b8b03b406219dedc13fe089235fe252a7baecab4298528485b5c227df3b0e7169fb8a1ebc63977729052e6e712895f171bac0adae70b7f6841e9c41be4778c50176ba51e68a75acd9e56f7bbbda34b2fa69bfc5a9c114cee0d0fa995621a568c06785f7d300bbb7a0c495ef19c06b015195b1159d7530758354035c4c202b3d78833d70518af3b8d32e35b8c51b5cc1afdb9196ab0829400384d185070748c24dad81678ba058bd8ac3026428c2133c8b817ce42a670500d8418ae09b15246402bfd9ec4126205bd51ec4373b40720f84f1e51ebc424a3be8c13c4affd19b392c44b0ff28c01bc8a01032bce11635095a1174758f4ddc2366ff28417c1bd0038130a514054989414ab0837fcce1b6896e4b2976bcb51e8bb965dbb9f22be8eb597ef966204f70b3411261e93784fa20f32043668f90dc447f59d50528c82b843181fa1c0117d4926f24ee6181231c6112f28d05abb556e079fc43b6ab4d480d8e605cf9b6abcdc22802064a206a6fdc42da3d288138621162827cd920202e02196e3b8f50cbd6d18fce9897dfa09ca5b0d5375f7e037d81e659ef3c41189fdd04896b6081161f00402066f501428d23fa5aa0159825038e7a70841de443de47e08830aedd055c1fa134b9ae8187ff510afafe43be4de3e93c84716cfff92ea500612e421cbc11ea0015c0c0ecaa6f0172d962d690c1083db8059e4b218c50877a1e31f42fb93be36561d0dc1e3dc88c9c656b0469e7a6010da896b171e1b0a50bef096498471201d405fa9e211f2598c42bd829a5384ca1011648420d84810b46e1e208aa3d40ae4775042390a1b47833487ce731851a3072acffb8fb11de605e914f411805c8471184d180952542b63719798821eb591c59f8efe188c33c861d8c294c01ec00f239a4bccc692318e1082be9422c62514b4bbf222a533882626a60dc24ecc0b3a3aa9d47eeb103b55bfa0853800d2eced0dbbf71e415b1b0c03dc890f4224cc11eaa7f823decc1a833c4a2065dc01a710e9085dd17ffa023776b058b6bde2e759fa1085f48847c6fe78d29e0426e3d087177320f59df9f41fbf7f0fd136af7e51274c7a69d0f12cd0f808bd0c385f6d881336800da31bb29b08022c8be6e93b6529880581006b200a312f8b81ec8876038037b181ae7130ef8ea812e28af532b8503680034b80f343882799800799b84a191af1a189a46419356e8022388854930104649271038beefc38f9570b503b8870940badc2882e8939b50b30046f9328ec83c0b809b0264c22e0839c51828fef390d92a40877b82f698808ffb8252a8810698820328805b3082952003d363842270bedc903766b3007b38822a3982c3db811d68803a2403e723b22e703e0b98aac39b8423ff40037ba8aa79980461c08f3710063298007a190888abc379101ac54802bca13923c026fc680ff0aa81523838f9bb0f2390bff608b539b88d1b0cc157380303199a29b8859e288063d343eed8bf2c848f1e3bb1765189a1b131a0a9815838b5374cc409b0872c103f5ba4b865ac812260043440833843031bfb97099882d0338229a01bc13b8003c1b549c0057be08909f0b829a82a5cc03b49b4194d9c8306300209941b7724083290af2fd08df62882d9cab5761b3d492cb52c189a5b38831e2802636bbd2a3c830321c85b38c30290af76ec025ddc45e39887ddc326abd2437b6085a99a02447c994998842c88053430bda199836914067b183cc5f0437bff20832790b69701c6bc0ac1db992ab991443dec4949acaa9ea49b24c000b2a20ffbd0430c99a856a8a7b62a852740838f3b00614083b56a0046dc8e5cb3b123b08706d80ec16bc802108699e3c0446c8f12a8488bf48c1538368d0498a830c1a0638514fc17346005bb4483d0ebc91d10bc18a49bfc4b20ddb0aa763c42bdea8e52014bc64acced28ccac312b6c6aab81c20b1d24a30218c25f744b39cc8d1a90b3492083ad7cc149c88ded90b35b40487bb885a644cbb4b40b239b042f2bc91e78cbb85b3ae7abaaa76405aa8b855700cab9b9c952b81da141ca0260044b0ac17b8098690123c2d42b4ba2966ad31de220a50309c1fda389dabb9bf340a874ffb31e4621ce2ea801d74cbe29688f783cc22ed8815b9884b6880532484da65acdce78a86decc62e9807ab84c4583883aada4ffe04cac5244c46304ca98a1bc5f888d182ace709bec7b9988e809813da9db860298ec09c34d917294113782a92fba09bb158144b0a4ce1f4ce52f8821e9884a56b80b9c9c5f784cfba98835c9b0232183efa2c85391086330442ff1c1a1cf5cbe6242d2a39cc1dfc82045b990403a6e83a14d7512f5cb2b87fe89bdfba97e07127a12a4cd242a00ed5c7140dc11195123210866e4cd1e1e839166d8879b80590143c618841b7220b7ff1cf23bcc92ae52df57a9e0453a7a799a744e238c5e1383e952ccff92a865898bb980c8e4f10523e4ad02a819bc5ac1bd27a21bfc195b61287191b53bb38807bcb8d5c0146e254d44fdc8ec0e8ce101452b45199fb719a3b952cb0caae5a812ab4b1d3787a9bbf6cd4df1a90c794412cf49d8000003b, '', '', '');
INSERT INTO `usuario` (`documento`, `nombre`, `apellido`, `fechanacimiento`, `idciudad`, `clave`, `email`, `foto`, `face`, `twitter`, `google`) VALUES
('15173361', 'WILMAN', 'VEGA', '1998-08-08', 20001, '7c4a8d09ca3762af61e59520943dc26494f8941b', 'wilmanvega@gmail.com', 0x89504e470d0a1a0a0000000d4948445200000089000000670806000000346a613b000000017352474200aece1ce90000000467414d410000b18f0bfc6105000000097048597300000ec400000ec401952b0e1b00007a5149444154785e7dbd757c5557d6ffcff37d9e67a433358a4b901034c495b891842490904012429010dcddad50a0022d2dd495d242dddddd656a539ddad4a63e531d5bbfcf7bddec34ed33afdf1f2be75ccdbd67bff7677dd6defb9cdb69fdfaf5b661c306dbb871a36ddab4c963f3e6cd76fcf1c7db09279ce0c13ef7af5bb7ced6ac5963ab57aff6d76cddbad5b66ddb663b76ecb0934e3ac94e3ef9643bf1c4136de7ce9d76e2c927d9a97b4fb3d34edf6b7b4e3b55b15bfba7daa9fb4eb33d679c6aa7eddf6ba79f7586ed3b73bfed3feb4cdf9eb17f9f6fcf3cfb2c0feee73ef6cf3ef79cf638f7fcf3ecbc0bce6f8f03072fb5cb0e5d6e171fb8c42ebae462bbf4b28376f9e1437edfe12bd91ed47d07ece0e597da25975e6c175c74bec745975c68175e7c91bf9ee71fbef20abbf2eaabecea6baff1eda12b0edb95575d63d75c7bbd5d7be34d76dd4d377bdc70cbad76e3adb779dc7ef73d76c73df7da5df7dd6ff73cf0a0ddfff0231ef73df4b0df667bef830f7970bb63dc7dff0376e7bdf7f9eb09f6791fb6bcefad77de6537dd76bbff1ffe27fffb9a1b6eb42bafbdce0e5d75b55d76c59576e9a1c3be252ebf529f59f7fb63971fb68b2e3ea0ef79a107c786e3128ecda14387ec924b2ef1b8f0c20bedacb3ceb2d34f3fddce38e30cdbbb77af1d3c78d0db79f8f0e1d60938687c0238808246070c1e03a255ab56d9d2a54b6de1c2851ecb972ff7c78061d7ae5d0e0680ecd9b3c776efdeedfbbb4e3ad141397ddf190e0a809cbe6fafed3df37487e38cb3d5f8e79d65679d73f6cf0038e7bc73bde1cfbff00287812fc836ec03010dcbe30110be38dbb00f1c1c080228425c7c80d7f15ee7e83d2e7070c26b0e5e7e99bfee8aabaeb46baebbd6e3aa6bae7640aebfe1266fa400c7cdb7df61b7dd75b747684c82c60590871e7bdc1e7cf43107244002146cc3ed00488022801282f7e5fd6fb9e34eff7fff0996abafbfc181b9eabaeb3dd80f71f88aabece0657cff037eccd886e3c43e705c70c105bebde8221d97f3cfb7b3cf3edbce39e71cbfffa69b6eb2eddbb75bbf7efdac1350a00828055b00a1f1d90790152b56d8e2c58b6dce9c393673e64c9b356b96df464900042850110248a09040455010e020f69e719a54e20ca9024a21f538f74c3bebfc082001021a3d801060a0070004c197a331f9b201067a3f5bee0f4a108123727080ae2360e13d782e8a71f535d7d915575e6d971fbac20f2a07f7daeb6eb01b6fbac56ebaf95635d05d6a281aeb6e35d21d1eecdf710f8dfb801af33edfde7d3f6a81823c2a501e13284fda234f3c2d3850944884c7d8729bd775548e001d1160e13e000cb0fc2760aebff9969f81e3d05c7dad7f17a0e018f2bd43e709b0100194a02cfbf6edb3fdfbf7db2db7dce29d3d2626c63a0104011ca40ed424a8c7b265cb5c39e6cf9f6f73e7ceb579f3e6d982050bfc7e9ec3f3792300e9a82640429a205d90664eddabfb04c9feb3f64939ce744850927de7ec6f5792d098c0001c412d3ac2c37d34345f8e2f0b100192a00604cfe1354195c2eb795d508a00c72f2141a64931a80790dc7a274a718fc372fdcdb779b00f1c77dd47ca4015508a0808e176b8afe37e80882df7f1faa022018e0008f787e0be5faa0a800047880049bba2e83bf0bd382e404270ccf8fe6c836aa222a41b20b9ecb2cb3cdd9c7aeaa976dd75d739178989899174836a84f4b272e54a0763f6ecd9d6d2d262adadadae1ec0419a214fe14bd6ae5deb296acb962d9ea200e594534ef1405d5012528da7180112940450084039fbdc9fd20d0d1a1a95060de984fb0220dcc73ebd82060786f3b95f71ae1e3b53efb39ff7032cde43f75f7af0726f782020e85d1cc0438775000f1ef6b8ecf22bfd36db0397aa471db8dc2eb98c5caf7473bd1ae046f5da9beff0b8f1963bedd63bd4a8f7285ddc17696854e5b6bbe8f5f4fefb3d00eba6dbee6c07a3a37a005847250aafe176445d1efc1980e1790156d40c58afbb29a224f8251424a8c815d75cebbe048f020c1c2b8e1fc70d9f15c07168aeb8c2ce3b4f4a2b450112a0e1764837fdfbf7b74ec188e239500cd20aaa012400428a611f705017c008cfe73e520faa0275a8081412f890bd679cee2000c519fb658a140114ee8ff8839f9bd05f2a49d827828a04b500aed304e23e8caef6cf428df49a8b8048cfb958cf3d70e9650e05292422c132a557298f5fad1ea7edb5d7dda4d4729bdd7adb5d76f32d77c883dc289894cf0f4ba5aed6f3aebdc9aebfe976bbe576f5e63bd5abef5283dead461324b7dd7dbfdd7c5b24f504d5088dc97ddcfe2520a1a14959ec07483a4241f0fc1001449e0b88bc160081a5a38200c92f8d2d2070bc389644505d8e9fab491b2478924b2f556aba582aacdb37de78a367174f378b972eb1f90b1758ebac993675fa346b699de1b7972e5fe6b170f1229bb760bec7a2258b6dd98ae5b6649980d27366cf9de3c1edf51b37d8b613b6db49a79cec8084aa05c5008c8e8010a41d0ce479179cebb010619faa2352795c20e28125f258b83f02d739be256591ba50900be91d4a3f8795860e1ebe429008944be43f04068d0f1487af00946ba51a57c9fd2b3d5da603794815c1e16bfcbe4b0ea02432bd7aceb537a8a74a45508f5b6ebfaf3d6ebde37ebbe54e0172c73dfe18d0dcfb8040b8ff118708a5b9fbbe87edc1479e6cbf0d4c04b0711be008c00950a03a018ca040ecf37850978eaa022ca49de0455014520fb70f29951c24ad4839d806550618c04155d88654c46d3a2295249d1bd3be63d74e1b3642d54df3d429367d468bcd98d9ea111a7de5ea55b66acd6a5bb16aa52d58b4d066ce9ee58fb10f2c04fbc0c316d878eee6ad5bece4dda7b47b12fc48a86cda4d6b9bb2000d8d1f22343c700448d89e731e29e92c7f0eaf3bf1e45dfebe3c76f95587ecec0bceb1d305252ac241019403971f92a2c8e02a9d904a8883975da1db57d885171db4534fdb6f9b366fb7254b57d9c245cb6dfe82a5b660e132bfbd61e3f1b65b8f9fafe75d7d9d7aaa52ced5d7dd6a575e73b3c7b537c838de2645b823a22c800250a4236e0308e0000490f11e2812fb0072d7bd520b3d876d4720fe13241def0bb0000a8a022818d8906e5095701b482e9552d061d8474548eda848800355661b52121085ce7dedf5d7392483064b49c6d554dbe429cd0e000d3e77fe3c570920a0e1d972dfac39b33d509c692dd33dd807a6751bd6db864d1b6dedfa750e16fb3b4fa4211927890042e3b2050c4009069608a907d5a0e18185c709800a9e26a810efc36394b54072d1c1883721bd841e419a21bd5c7fc32d0ec8f9e75d6c3b4e38c9162d5c6e335ae65863c3142b2f1b6ba56595563e66ac8da918e7fba565555633bede66b4ceb5e52bd6dace5dbbed820b2f151c373a0c77def3b014e00135f81d0e0e8dcdfd3c0e4cc1bb90a2889b6ebdcb1523a84780e3ce7b1eb4fb1e8c543a0184906a3ac62fe1086927a4adeb6fbdd5aeba417e44e9e13a552421f55c212508aa4a706ce8441c1bc008e99be30540c107020a69fcfa1b6fb0ed3b4eb08183a2ad53f5f89a7648020c343e6907104841280d8fa130a806b7b99fe701c5f1dbb7799a61cb73e6cc9beba90a553965cfc90e022a000c40420333980514e1fe000baac1e33c0f18500c00e3711e435d0e1c44222f8a288c540450ae5439cb81e08bd22b0e1dbed20deb99679d671b371d6f73e72cb4fa894d56903fda9212d33d5292332c2d7594658ecab59cdc42cbcaceb78ccc1c1b95956f45c5e502471da8b9c556adde60a7ed3dd353108d4b5ab9e9d67b5c3d500b0039a894c53600827a701b281c0605292904ef1120f925280188905a821709ea419a090616388004406ebcfd76571320010c541515011652319e0d083846c1dfb10d5e304042dc78f34dae2443860db54e003265da5423ed34354f76600080e036f14b9f02086c97af5ce11e256c83bf21b88dc2ec3c7187abc0596749c6f6cb9b9cb1d7ce39e72cd5e417d9e5971ff446471d769faaca4840a13c1dbd0be004efc216a50923a8dcc717c3b113a10a629f9a1f03bd78f152aba8a8b2e4c4144b494ab5ac4c0121084665e4586a4aa62526a45a4a4a9aa5a565f8362121c912e2532c3929ddd2d3b22c5bcfadacaa91b2ccb12d5b4f908f3968d75d2f5947256ebe5d8d70ad649dfc7f95245f26580d87a9bce116cad4dbbd6169f4303ec23e20701b303a4647483a2a460023048004e30a24048a72c36db7393087ae51f5168cab00c1930009e6fe0ca51260c1dcf318aa128e1bc004586ebef5161f107548685814a176429d5554555a4ded780786fb88a02218580220366edee441aa4159781e30011bcf21dda02298d9cd5b37d9d66d5b6cd7ae1d76da697b1c148039f3cc7db66f5fc497a01627ef56092d4800aaa3aa0005aa433a0ac3e961483d8c98522161b802207c69c67b28e18b8a4a2c2727cfd252a41e09c90e4b66fa2887253d3543b0645946c6284b4d4db7e4e4540f6ee7e515584949a915168cb6a2c252ab1833cea64c9d616bd66eb4dd7b4eb7f3cebfd83d0e605c75dd8d9277c627f00552173564e8f9dca641031c34380000054ac1fdbf8c90563a56341d61e908090a12400190cbae9269bf52257d1b24c1b852ed312c0024c0c26dd417231b8c2bc7926348dc7afb6d3e62ee9e84de0e288041ea21264d6e72134bea01124c2ba000042a824a0438a6eaf1594a2fa80780ac5ebbc673199e84f4b362d5723d7fa94ae73576f2c9273a24a79eba5b3538f3411b5c69800358826a04a31a402180240caf07504839e79e7baecf3b30204439c79632bd7ec2441b5d5c62d563d5b8939b6de6f4166baa6fb0baea1a8ff15287cab2722b2a28b4c2fc022bc8cbf72dafa91c5361e3f51cdea36162a34d9cd86093264db659b3e6a8f45f6e1b366cd2e7df613b769e2893281f22c50006404159b88f460c0d49c3a212040d4ee3034c44652223ae6150ed3f451875fde5409a8f91dc7cb35d719d4a5ea907801c382c2804c9e557cba86b8b7925508d4b645a012440826fc1b4064042fa099060211c127a3b3d1f6f8171c587907280266c1b9b26b94ae035089ec36d205928c0d6e9f594bfbc0fea022898d835ebd60a9e79024c15d392450ec509276cb3e38fdf625bb7324fb4cdd30c9e23c010e0e898620024c4854a4f80c296e79f79e6995edf5fa38374e0c0019f2e686868b0715563d5c0f5b66cc9525bb36ab56d5cbbceb66fd96aa79db2db769f7892ad5dbed2e6b4b4da243da7a971924d6d9e623304d2acd6991e3367b47ab03f67d66c8763ed5a264337d9962dc7eb3b6c975a6db56ddb77e9a05fe02a72cd0d37ab31aef1f403300c78010a3d1f203a2a041101e6a7799a3007d4313a82d171e02c8cac1ebe56e5bce0e81800c3fd97aad300463b10521500615c09ffc6ed3066829a84d443fc0c12d2060d7cc2ce1db669cbe6f614820f415188ba89136c6243bdc381aa1000c573b7eab5c74b39366f3bde5608341487d786b27ac1a2f952aa45b6722507598db571bd4372d249bbecf4d34f6b8703b30a2c04fb00414a09e926280c11c0e17ebc07012ccc3fd1b0932735d93c35ec86356b6d8ff2ea392ac72f96e21cd2f3ae3974c80e4a6d4e3fe514dbc528b380de2498b7485189cd827b83bec71aa9e52aa9e6f2652aed972fb5f5826cf34601b269b39db87397ed3df5341f599e2ed01608c41d279dacbc7fa920516f56f94d1cbefa9a3613798ddfcf3e8d1d942034feff5f84c132c00893778ca8f29ec42fc14041d8a22edc0f208002249858c693182eb800e3aac7022421cd84c1cde049a2630659275202909022d81280435aa1b11b2635b607aa02042805aae1a94a06763e036e028ba04a022620417548351b36ad77d5d8b163bbeddc79829d72ca499e72081a1ce5c0a4862a2662482303683cce63800330dc47d5c36b2e3fac32570782c662b4b8b959694590ac5ab6dcb6aa41776edd66679f7eba1d96c25c79503dea7c4175b600135067ed39d5f69fb6dbce941f3a5de9eee49dea28f8a7f580b2c6b628656d95ca1e8fbf1238ec6fdcb0ce366dd868a7088873f53ecc9a2e5eb2ccea9b265ba39468f3b6ed5291c3de780073ce0517ca0f5ce1e335679f2f437831837d541d9129fed0e06c01288c9886e076500d9ef79f22c071e5f57a8ec00890709bc748351d21c193304acd9001f7873193000a901037dd72b35b0687040509261338b80d415b8edfea8363343ade0455080d0f40f88f605849470045c5c36bf038a42fde8b32eae4dda7f8cc22fe81a968d62d3083cc9cd18927ee54239fec66f6e28ba51c175de0a616934ba036e79e2ba591ef607e01cf41e330c7c09a07e68a9857423d480ddb36abecde75a237f60e8172861af4e2b3ceb683e7abd4d6fbed96e29d24253b59df7987d2dfae6d4a7b5b36d8d60d5294b52b6dcb9a55b679dd2adf6e58bdc2b608986d827ce7f19b6d876227af5787daabefb44f951a9f0b3f563cbac4551745018a4ba4587bf5d819fabed7dc74931ae472f5e273bdf7525d90fff1028c0aa33ac0043c6c0188603f44c48452ad44d68c0008705d7d3da045c64442c9cb6d4a60eec3c8e33b181c6314151030f90cacf1ff2fbbec52a5eb4b94aa2ff6637fc1050cd1ab04bef17a2f36060f6e5392adfae2a49a000af7a12c44500c004021a88218802330b9dc47eaa1ea090ac3ebc867a7ec61a1d15ef5fc333c1dd0b86c8124ac3b415d50196001889f553e0af6b98fd9495ec7fc10ef81ffa081264d9a64959595b64ea965dfe967a80177ba829ca01ebf7bbb1a53a9e10cf588bd0216304e58bbd636ebb3ae5fbcd8562d902a2e99676b96ceb775cb16dbfae54b6c83946fe3ca657ace72db24d3bd79f54a3b5ea61ba04ed8b2d176486d76aa5a3b45f0ef11dc7c277a1c1d25bfb0c015658f3e0760e00982890cea42efa5fc6c9779dd77c125075c65501e148738f7c28b548da8e1041c2001193085454680c27b52a104201c0a4112224042051366cbf11b61e81dc5081d93b8f042559102e4bcf3ceb11b6e6016f8840824a4822dea21db4e9019dbbed5f72959b97d822498fbd8dfb879837b8be6a993e5516ae55126c8d836099e25026ca33f97e751ad849155960950cdd0d88c8fecdd7baaab03db00002a02281859b67bf69ce2b0f07ce2ecb3cff4e703872f669202a146a8126b5dc65656b9413d4f327aa50ec6a9ac8c93426d1534bbe41f4edbbedd7628756c5c2a5f21f3bc412971c5dcd9b644702f6c9966f35b9a6dd1cc69b67cde4c5bbd686e7bac5938dfd62c5a60eb788dc041598edfb8ce41d9a5e3437a3a45d51ae0022dca39b67a9c95e9f32c52baa3d1f11394a6e75e7cb1a70d542018c6f6d2538d0f08019233cf5539af00146e030ac1e3c004541dc1e1fdfe53002301180049842a06cf11997c3dc7c1403d08e0a04372fc19c35abf7ead4545f5a1ba519ed517a78177ec3ac163fb0ed4658b8f71000d5b20e1b9abd6ac946a2c936aacf2fb78feae9348292779a512d68e10ecf30f6964fc0740e047000100826af018d452166fdbb6d5b7dcc6dcf218b2c772040061808c46a1cc2d2929b109b575b65529e6a06474df69a7dac97a1e0ab27179442db6ae5c696be6cdb3c5d3a7d94279aa85f22df39416e64981e6374fb2999326da9ce6469b3f6db22d6e9de6b1b0658a3f7fd18ce9b664e60c5b3667965467be605966db74e0483da708923dfade2729b5b1508794ca1446754dad558cabb69532baf476c62e8084f440cf27dd78af9717a077078f12d24c8006180814e53f05009da3c6c688fa48aaf63b0643f08c8b0006816aa122c0c260d9ee5319c9dee79d9020a533c849a7a67d4841141afdfb475927600820b0fd65000c30ac556e5eb761adef07a89868038c934e39d1210980b00d6b5a83b720022804fbdc171486fb80037a574be2d98632992dcb111820434da8626a6a6a2c3e3edeea6a6b6cff5ef91635d43696546e564a506a582f5fb4a84515d68409d65a57672de3c7db94b1636d4ae5189b32aed266d48cb3d609e3ada5b6daa6d556d9f4bab1d65a5f63b31a6b3de6344eb4b94d0d36bb51317992cd9b267066b7daeac50b6da33a0a3e05a34bb503b82cb4a2daab1a5b6d19995936a171b2d2ce7e2f831947092084b994e01d429a08d171f00b25a00ac164d2e02100803533c0e1909caf06be5026ffa2f37ccb5445b8ddb108c0fc5308d046b42deacfd815c79ece1cd23ced71f8f0e57edc6363875b271a3ba4191a1f185009b6a422ee630b1c3c87e7030e6925c041b00f3461e494e036cad1110a3e4000066251093e28818a40ef72959cab564909040a837091fb967bb0fea5a9a9c93232322c3f3fdf96ca34060521156cd57357aa025b3e7bb64d1e5b65553939d6307ab4e0a8b4a6f2526b2c29b6c963ca6c5a65854d1b3b46b054f9766a55b9b554575aebf8b10247c008a0d94aa900d63a51dbc67a9b052c4a514ba42c2b162f5015255fb342c06cdbe6069a319ac9cd532d2737dff28a46dbdc854b7c60edb1a79e75554125aebd91529661f39f7c4300230c7c750c40217d30acde3180c7811108e75fa2caa92d022821c2f40655631862a06d68570422549d0116d49bfb483f74d69898e88827e918c0414a0114d24bc77414d24a8080e0be0008fb6cb9cd3f0b290353ca367c10827c7e92ee67cc0438d832d8b646b91f48187c5bac5e3b6b162be322abe3580cc522a8c2c2424b4e4e7658309027eab3d1bbb7a3784b17dbf4fa09364da6baa6a0c0c6e5e5d9c4e2426b2a1d6d935481349795da3480a812189565d6324eb05495daf4b16536a35ad00894e9ba0f586637441465b6625653a343325b9e6c5ecb545b3867a62d9e3fc707eb184361049641b6e52b56d9f8da09969e956ba515636ddfd9e7d913cf3c6f0c8a917298ca678ce42a165ab74550144021802680c3b6232cc16b047000e38203329c97008bcad78b5011942512679fcbd43ffe831977ce4ea09038556d44bbe9d8a90d42fbb0453d68033af15c79b7eeddbb5aa7952af3309f9852bcc69a754cf5ff6466510c6409f520022880c063dc0ebe24781207a86d2c842dff1c3a4927218ed787d9a2d410e0402d500f06dd0064f6ec99364d125fa3b430766ca5353636fa5c0c606466665a6a6aaacdd17318c3582363b96ce13c5525cbdd3fd44931c6e6e7d9047996c6d212ab2f2ab48905f956afea637269b14daf2cf798523eda9a46735fa14dab186dade3da2091b2ccaa1d670be45716ca9c2f14188ba64db5f9d323b170668b2d9e375b2aa6ca484a42ca61f475d9b215027ca5b5ce9c6df9052596362a47de6443dbc2e8c77d5435c48db7de62b7dcc1703e6322ac768fc012525180867db6ff09125f22e10a1201e4bc8b5599b405b010975ccad8d2d9f2238c3951fa32692a732a50f69ef1930540d5d986944ffa5928f3dead5b1726f8d4631580c23c0b4a823f0110e000849092020c215c31da22a415d482140218dc174adc6d8261b36060406a1d40a84197b6a9c5225511f3e7cfb5396a605463860ce39429930546bd8d1f5fed5b06cb58323971e2444f3579528866f5ec75ab644cf5d917e975f3f5bad9cd4d36699c2a9e31e5d650a6b422c05a94765aaa2a05c2186b952799adc767564941ca465b73494124ca8af49c329b5533d6e64e1c6f8b2737d8f2e9cdb64240ac9835c356cd99ed002ed376a97a18502e57ca592d83bc52b169c3661fb2f725090d937d6d4a5272bab5cc9aab86bfce9ef9c34b9e7638d582532aeeb8e76ebbf35e86e3ef74586eb88591d5082c1d158608a08414c4bedf3e2c602e9731bdfc62bbf8b28b04cd853f5315f62fbc9891697c0967253017c63a1d062749410c2b9ce63e84603f8042a583a20c1cd8df3a31224a00082a82f7f05c254080827d00611bf6b93fa495f6d42320428a71a510144817a964b3146383e85ca31cb7521502702c000a29416b6b8b0331691293680d36590dcf6dee079c65cb96f87b314ec2c2dcdada5a4b4949f19433454030844eb5b152d437c9c4360baac57aed2aa5a79932ad73957a16374db265cd936da9aa9a65fa1f4b1a26da82baf1364b00cda828b59631a31d90d9e3ab6c417d9d2d6aaab765539b6ce58ca9b6568ab1c663aead9837c796cf558ad1164856aa7a9a3f7b8e2d59b4d836acdb68ebd6acb796e9b3acaab2c60a8b4a7d7dca98b1356e609f7fe98ff6f26b6fda234f3c690f3ffe84e23101c3f200d6b73289c71c0f277c3161c8691237b97f019ce061827ff9998f1128971e3ee071e0d0250ecb859746d40545019000098a022828490085c22140c23eca4227a7344651dc936cda82179141dcb05a2ac22a33d20d550c5e04c3ba4e6050e5000a1510836580b24d20a964d56327e8f6f613e42d789eb6dc3e5ecfdda4d7ae5ab954502cb0450be7dae245f37c3b774eabb5aa015ad453a74bbe9bd5d880818290661630c825a0000cf828cb989f61b1756969a99f555654a49eafd732c7c2c8284a3243be61ded4665bae1ebf66ce1c5b34658a2d12742bf5beeb66cdb4b5335b6dd5f429b65c296411d54b5d8d8331aba6b20d9036055139bc5225f02ac1b65a06181559a9edd2d9b314736ce99cb9b67ce1428764f9e22502461d6d89529d62d6cc79aab81aac64f418cbcd2bb2ecfc225bbd7e93bdf0ca6bf6ee071f4b4d9eb6a79fff8394e505df7fec29a0794c2989f37658efca6c302929a2304003308cac024b5097f6b474d5a1f6b8ec4aa9cc15aa8aa42e175e7a914061c5d94fcb2b3a4e753007c6d406150d0120284980844135da60d0a081d669e7890c826d7118d6ac534f5fbdac3d56ad59eef7030740840012c07160daa000902d5b37381cdcc7fe6abd7ec572f5b679b31c8a192d531c8c29cd8d1ed3d5183367ceb079ea992ba4306196985415c652b8bd65cb26dddee3a56f81cc687474b4a79bc844de4c9b39add95a05c37229cf6a290a2673c6843a1f0b9933b1cee62b5d2d9ad4680b1aea6d5e7dada793392a7d67ca9c02486b4d856fe74c18670be54316ebb32d11b48bf022028df19579dacec397b4ccb0c5b3946e16a8ba59b2ccb6acdf6ceb56ae959a2cb505f3164a2197d8b4a9adbe24d257b9e516d83c3df6dc8bafd89f3ffed40179e9d5d7ec0f2fbfa2fb5e52bc604f3df7acc3423cf2c4e3f6c0232c2b60394104985befe4a4309606dce8ea0230211d01caa1ab0fb707a0a02e175fa62a48a07484e43f81c2d84864443b0209d527c71f48f0880e495008604045008558bd96617695a11b99f65fe5ea024c28085b5ec3164002249ba53cc011f68104e5009066f550c000925933a7fbfdab572d531e5fe72084323854406c495d481e1f1615a1c4a4ec05127c4945f9189bac869f356d9afb11bcc22266a09566a6548ff368aaa8b0c92a7f9b2bcabd0426d89f2a7fd2ac54436533756ca4e2a1aa9929c33a7b82146642ad97c1a4ac56f9a019f58dd6cafc50f3145b30a3d596cc5b602b162db1b52bd638281bd76c7025993f6fb143c25ad9c4a4748b57cc9835df9e7de165fbcb175fdbab6fbe656fbdfb9e52cfebf6e63beffaf6f9975e766579f685171da2479f7c4aa03ceac169a19c12ca7282707216155264d900937f3fc112d210bec58d6ddb205ac760ee86c134465d7d32cfe7c5f67bba41b151158628184c63c67ed8b0219174b3590d4ba00c04fb40032080b274f922f996c57e3b3cced6811110018af5a42c01b64e5001c832bd8ed43267b6d462ee4c4f3b0ec6fad5aa6e36daae9ddbdcc7f0a10003ef817fc1d30405c1f8f21ce6488084caa65fbf7e5eddb060a8a97ea2f76a06b94839b3e43ba6ebbe29f227f5e5653671f468af72288389fa92226b185dec554f63699183d25ca9d258dbc9f2265354164f5195d33cb6c226550ab0b1636d92a2715cb535d58cb7e6ba09d6d238c95aa74cb3d9d367d89c19b36df5b255ed8ab274f10a7ddf0536765c9d43123d7884354f9be99ee4db1fff691f7cf2177befc38fecb5b7fe2465f9a41d1494058579f18faf3a289154f4b4034365042c9c4fcc2225d6a084b526f897004b98c3c1ab301807280cff87617986e4990ae8080ae321011482d1571485893f94fd6790046520482501145484d4b362d5525798e05d50165e436a09fe638d805a2e98962c5d604b16cf770fb2768d9cff46a9d0f16af013a43adbf57c01b295995742e616c5000600e1839113c3682c74237d975fce08e05657903e7dfa585a5a9aaf209bd5325d3d7a91ad5c204866caaccaa4368e1b6b13cacb6d9c7c4b555eae97c38c9778e4e778d414e6595d89ca625535f56505365165706d719e8d2fca8f848cf13895cd557acd98dc5c2bcfcbf71853506c9545a3ad7274995595965bb5d2cae489936cfeac79ee4d806489a269f274cbce2974481ab54f75f34f33fbf4cbaf1c94773ff8d03efaf4337bffa38fedf53fbd6d7f7ce34ddf122fbcf2c79f29cb93cf3ee7b06078a98e38293d9c747efbdd9ce815a98e82d1ed080ca77232fc1f66830328415598e0c3a48661792021e51c3c78c095c4d30d9084401d6878a2a3aa103c1e9425f81562a5e02156e93ed4830016c0d8be4d2ad30607011c9b37adb32d9bd7fbfd00836aa0147810b6c00224c1930009f9f3f0e1c332b1a7587171b19f7a98999e610dead54be6cd734816b6cef454d0ac34513dbac42ad4c0e502249f4a283dd54ad2d3ac384dea939aa248b2b2519936362f5bc064597541b6ef97676558697a7adb73d3ac406a959d906059f18996199f601923132d3d2ed132e2933cd212522c6d6492e566645bddd8f136634a8b9465aebcc962a5d5d9f225e32c568fd7d54f56033f65ff1024a49c4f3effc23efbea6bed7f691f7ff6b9fde9bdf71d8eb7dfffb3efbff2fa1bae2ca80aa908589e7aee797be219bccbd35e21a12ea423cc6ea88e80255448f817bc4bb83a02b08419e18ea0b0209d19603a629801e698332c8fb247470f102452005245f0135b0506cad0318d703fb1014804016a412a21162f99a7dbeac90285c7780eafdb2575d8a90667d08cf191756be573946a36ae5de5731e27c9009fa874b553c1ff0322d20fdb534e8e2c1bc069fb1509ce8c4c6bb3ce253fbfd086c40cb5d2c2d1366dd2645b3e6fbecd63fdeaf85a1b37bad446e7e45a961a37353e5e8d98600943865adce041963038c692860eb1a4c1832d69488ca58f1861f949890e04c0b02d484bb1ecb8384b1e32c452878db094a1c3f5fca1163b20c646f41f6471d1c3f4da911eec8f1838c4460e1c6a292312ac24abc8ca0acaac6274a54d9727993b6ba18dafa9b711c313dc9fdcffd0e3f6fd3ffe6d5f7ffb837df9b7efec2f5f7d655f7cf38d7dfcc517f6e7bf28057dfc71fbf68d77dfb53fbef596c72b6fbe692fbef69a3df7f2cbf6d41fa42acf3f6f8f3df38c3dfce493f6c06391aae8be87b8de49c4e832f682d10dcac2f93380c2c9f580126009b3c204fbae2a6de0b09480d7b0006db08e59271a083080002080662325705b701baf11e058ba6ca1c3b162e59236f590c7d8b8da5fcf7b0523cb682ae3220c9c31468282905e588bc130fa2ed2945e13800b6909953971d7765711961bf8e8eea927dba9679c2e45db224f926583d5681525e5826396a2d526568db5e2ac6c1b9598647143875a74dfbe36a06f1f1b3c70800de8dddbfaf7ea65d1bd7bda907e7d6d58bf281bdebf9f250c1a64692aa5731213ad50aa91979c6cb9495288d8383d2690060fb7f841436d58d4401bd2a7bfc5f4eaafed400133c41262462846eaf1e1962a08889ce42ccb4fcbb5c2ac426bac9b6433a6cdb6ba9a0687644cf9387be4d1a7ec0749c937fa83370110e2d3afbf76503ef8f4530f2079fb830feccdf7de73585e7fe71d07e585575fb5675f7ac99e7951aa22581e7ff6597be4a9a77cac856a288082aa908250144a67ce9f0114161dd1f041597c069a4139290b69084002349c77739dd2168bc67c8d6b8024c080f1040800086924c0410007cf413178cdf1db360a8a9faa9c1d520802afc1e41c4a82a2d0f0a80410605cd7f31e781bbd0f412a22056ddca0db7a1c6fc2f40003789b95964edab35be96fab656767dbf0c1436c6c59a5cad1d9367562a3158dcab1e4e123a51ac31d905e5dba58548f1e36282acafa76ef6ebdbb76b5a8aedd6c408f9e36a8574f8be9ddcb41491c32586924cef29482725392d5d04a21b1528941311e230646db90a80136b86f7f8bee25f07af4b641bdfbbb82c4cb6b1099714a3923e22d4b26353f3ddb8ab28b6c42b58cb37cc8f8ea09969890664d93a6d92b7f7cc3fead74f3b7efff6e7fd7ce5f7ff8c13efbeb5fedcb6fbf6d87e5c3cf3e733579ff934f3cdefde823fbd39fffecb004450196e75f79a51d9650363ff418d5500416140550501452d04db7ddea6b56599248dcc054c02fd485144484a504c0c562aac86af90e600045c754120230789ce70246484bc4b6eda887bc05a6576906404e3a99cb6345465f4f53ca6099df19a7ef7150d6af5be56327abf49e4012c65948353b771cefa000122696e9814df2351b04d0c9a7eef10fcd1a92c491716e1867aa211ac68db71ccea919162bd98fb3612a8f0165c88001edfb03657407f58e4474cf1e1e284a80a48054d3161971f10e486cf4201b3e60a00deb1f2d28626c68bf8136b0a75edfab5f049261232d71a84091da0cef17edaa92119fa2f790392e1b670db58d0e49ae9465e18265f6f63b7f7648fefadd8ff6e3bf04cb8f3f3a245f7fffbdef7ff5dd77ed8ac2f6932fbfb48f3effdc950550509457fff42787e5e537def809963f3c2fbff2ac3dfef4530e0b0373c01206e6483f8cb5dc21cf72bba0b94dd0dc226850172ee213d4054509aa42cae1399c7713a363d4894a64f11255226dc1ed0006d050ce92763a82c17eb8bd69b30cea09f220274a2d4e3ac1013965f7ae764898e9dd7dca49b66737b3be273804a4958d026e8b800bef472ac2e89e28d3caf3f124ac7f008eedbb761a2ba958d83366cc184b4f4eb19a8a2a95a3f5565d3ac6b293d31c10d46458748c00896e0724ba576f8be9a334d37f8037fa60ed47f7ec6543fa46c9a70cb1ccc4782b1c9561c5d9a33cb81d2b47cf738744f5f34051860e1c24d8a23cf81f8923465a6a6cbc3cc9602993525bef7e1627af042865f24b8de31b6d4ae3542b1b5d61ad33e6d8ddf73c609f7dfeb5a71b0225010eb6dffdf39ff6cddfffeed00008aac23ebe25f814400929e8b5b7df76585e7afd7581420afa8383f2c43391115c60210de15748411e4a43774a5d022c280a2908552142fa618b9af01c8eb743327fc16c5bb0708e2d5c34d7210110520c150a800430083c4bf029dc460100e4c493b63b182733fd2c488085aac54b5a9551eb957650107c09207855e3692e021b0ac47d279fb4438af3d3d2452061f93fa0605c594ccd49533999a3946ec6d8d892324f3569231324fdc3d4b0839462fadbe0fe8241151029a7cf715da4004a2f6af4b898c1164b0a1120c3054da24c6d5662828dcecdb68aa202ab2c2eb43c5542f132b63c1fe501125465e4a021febe837a47f996d496aad494363cd6126330c4c32d3d56de2429c3caf28aadbe6a824d6d986ad515353646c675fdbacdf6c493cfba79454d80836a072501120235018ecffff6370f60414d825721fdbcf3e187ed29086579f1b53f3a28cfbef00795cbcfa95c7ea65d554841a41fe27e9445aa1202084829c0826a04af42000b50b13eb95d4982194539021c0186a01a1d03404813542640d1110e14840012ea6c7c09730004a3ab2125f15ad467c7cead76f29e9d76dade53ecccb34eb70b548631a8c3da515674733211a04037abe539ab2e3f3bc7c7288ab3725d45bc47ab11490d04b00cedd7df1bb99fbc08ca314cb7e30509a6344eaa40c3e23f4831d50cae8dabb226962514173938a4227ccb8801bc6e902aa361fa1f4a3b8286f70630cae274294a962aa9c234c1919b6763f28a7c1ca5aea2da26d53558fdf806cbcfd57dbacd69a17ffdee7b5538dfd9b7fff8877da704842761ff877fffdbb780824701128021eda02ef8150260f02b98db8857795d8af2aad2cf2b11585e7ac19e7ee17987055501948e2928280ba070021681ba04838b61059407041697a0f0ea06af418491d2604843e91bb6a172a17169642009b084fb01854130066318eb001286d5193925f53059171467cfa927d919fb4eb5b3cfdb67e75d78969d777e242ebce0bcc884d3fe7de66793293fb2548fb28d2bf0a02405593936bebc52e56ebee5a666586642b27b12d42469c808977d940230482fa483a14a13b1528078a50a40a1bc1da572b75c2a0220ccf73039d85c5363a55959def094cbb152242aa1500e8f542a238083aa2847cf1b9d9161e38b8bada192d159c131aed6a64f9cecd5176a52595a65793985face67d8a79f7de1ea01145f7c1f018254f3a35485fb4841801320414d483bc0d211989fbcca9fa4286ffe5f58a42cc1ab046509e532712fe6566a420460501560210d3d22b858283d74f830eb8462604801842db73b8e8d0450427a0186102847471f12bc0880845154f6b98f617706c84e3ded64578dd3cfd8e3909c73fe7e87e47ca6b1cf3bd3077418e0098b77398d80f5a13871161c8f292bb76cf5da0995e3bcd7e6a6a4daa88444cb4e4ab6c28c4ccb4f49b3e461c3bd21510ca0481e32cce2d4d8b1aa7646c5c65a81cadd7c95bb25e9e93e743f614c994daf1d6fcb5a67f852c5da9262357a91e5495132749088d4214a298225515e87fdac9123fd3d58fd3675dc389bdbd86833ebeb6da6aaad452dadb6b065964dab9f642d93a7594d65b5e548f5d6addf682fbdfc4787e2ef82e2ab1f7f688fbffd535ee55fffb4afffae54f48fbf7b7cfeddb7f6e9377fb3bffc4d8af2d7afdbe3a3afbeb4f73ffbd4def9e463a59f3fdb5befbf2bbff28e07c090829e7bf9450f8ced2fd350f02b0e8c54e52e195ba0614b1584923c23c0288bfd4a47284780e43fa90870103ee025052145004830aa6c43ca7150508b0ee160a8c2415d30a380b16fbf4ce9d967d8d9e7ecb3fd67ef753501108221628684c3c86038cf8432edb4d34eb3e2c222cb49cfb4e90d4d3649aa523dbad4aa8b47dbf8d16aecf20a1b575462c55c2d40463643ea9229330b18194a17342cbdbe5c4a519a996963b2b3acbab0c041993571a22d9e3ad5d7b44e923966c112eb63474b2dcaf5dcd2f40c2b1488058949be3f3eafc0e78566d4d5f86cf18ad6565b3a7dbaa2c5d6ce5b686b162cb205d3675a6bd3343f393d232dd357ae3dfbdc1fdc8fa01c5ffef0bd7dfbef7f391ca41ef6032001928ea084f8f86b19dacf3fb377fff28943f2f607ef4b55de7358501614e50f7f7cd9158559e68e7ea563c9ec632c0205250196a028543dcf092e20193132d63a916642aaf94f554cd8efe82542443c45041cd482995bc088a846e4227be1e4acb008375c7b84852fbe00c6d3cd7ebbe0c2b3edc28b222ac2e41290a026ac3067113197d23cf5d4bd92ed5ccb1f95edd3f50b67b4daeca6669bad5e3caba1c15ad4c04d5555eadd85562655295215542ca5a1512b33b3ac323bdba342908ccdcdf5f999eafc7c9b5a5d65cba74fb565d3a6f822a55975e3adb9a2c2ea556ed74a29d8369696da44a594094545364900cd18576db3274cb0854a532b5aa6d86a4ebd6869b1e53366d8daf9f36dcd5c558d33982a9866754a41a90929367ffe427bfa99e73cdd7cffaf7fb982fc205800e47b6d81a4a392783a5200ca67df7ef33355f9f0cb2f1c94f73efe5086f683765850933fbef5868382a2907e1c989722aa1214e5d1279f7058482b00f220caa22d1510d5ce0b7a3e9d34366ea475c2a802096a8272a01861cc83fd000af70144888ea004c3da111207443d9fd2157f11e0082bb71d920ba41c97088c83e7d9814b2ff00010e60dc228a0abc835d7da75d7df28353ac32129ccceb5358b167b6fe59c9a65eac573264db269529649632aaca1a4d4ea0a8a6c9c9e5725a0686856ccd7e4e5d9e89414570700413138c582b523c72f59646b67cff485462b5aa6d974a590a6f27207822dabed67c8afccac19ef80b4ea7fcda9abf575b04ba64cf2f758dcdc24d8a6dbca9933058b52cef419367f5aabd5568d73485092975f79d5d34d500d004149086ea32e6c43ea01a4004a4748483980f2c1a79fa84cfe5866f623070650de78f7ed769f02302fbfc1ecb2bc4a1b28a15c06962730b732b5c0c21650509397f57c3aeac8f838ebd4d18b04180224414d8269fda5921021cdb47b0ee65b645ea94ef010e15af1ac82ea78550096d29d7fd1d976c181f3eca2cb04c96517daa5975fe4805c7d75c48370392b5791eb6fb01b6ebc59efb9cf8af30bac2827cf56ce5f60abd533e9b54ba64df3f36a68507a7c73f9186b2a2db3faa262abd3f3398da2411ea33223dd4ae4336af272aca57a6c6441d2e446f5fa59b67de532dbb478816d5bb1d463c9f429be089a054bac9305265486956ebcae753c4a526bf31bf41e0de37de1342bec79ce6c79935913eb6deea4665b204830d9d9e959f26927da871f7de22a8207f96b9b0f010abfdd011220e23e40e13e40096a0224a41c40f9e08b4f3d3efcec2f0e0baa121485d40330afbdfd96fdf18dd7ff0f28a80ade03401e550544a028543b7f7ced55efa8f13a5e9d508fe041425a0980044f02342846508d60563b7a918ede23327bcbd9795c18ef4c77c980c1aa288215522cd0bd08400e5e60971cbac0013978e862bbe28a4376edb591f4c275cf5c456ee2f253b7e8fdceb6b1528ab2bc424f354b25ed0b9ba7b88f982c55202d00c7143d67b20c6ea3fcc9d431e536b974b4d5e6e63824c032bf7ea22f4f24c500c3b2d6e9b66a76abaf6705908ec0ac5f30d76160b1d2ccda1a570b520cf02c6caab7454d136c5e7d8d2f5a6a1e33da81f2054e15956e64674d9ae2037e95a51576e0c041fbe6db486543e37fdd0106600950b08fc284dbbf0425a809a07cfcf51791f882f298e1fc8fdad30f3e857060fef496bdf2fa6bf6c22b91d4834f0116bcc7634a3b8f2bfd10008337794d500189a71b20088a11f6090009e324a8488083008c8eb17bcf893f5310162d0309277433d6c184912f70a1a475402ef0c5ba174b3d2ebbf252bbecaa4becf22b0ed865872fb12baf3cdc0e09576fe6d4485662dd72ebedf22b975acb94a956535661b32637bb0f21c5e01f38a786736b80228031591e62861e6b928f18a74aa62e2fd716364cb0b5b39452a6377b237396def489e36d8a7cc99c496a789950b64b674cb32dcb16db46c1c20ab5ea825cab2d2eb0e9e3ab6c5ed3445bd0dce0cb1c974f53aa699e2825a9b2d61abd875210aad32835e3f34d193fd16ac754d974553977de79b7fdf35fe64a825a004948371d8d6bb8cd7e8800caff35b25f7900ca9f3f67dee7a3f6d40328011614c5538f140245f9c3cb2f79bca8785269e729a51f82f4c3c0db9b828a610737ae01905f2a4ac7fb829274549100487b49db36521a2e600f20ac2663a43400c27434d718e132569c06c00aef43575f1609c172f9e14b9566aef0411daeedce253639571640eebceb1ebb46e0ac58b2d41a6b6b6d46e3241fd3a0c706dfc059799c3e315ddb29aa5838116b8abcc8f89c6c2b4f49b686a2425b3ea5d9567095269637aa315b549d4c900254e4e75a83d4804a8775258d15631c184ea7983cb642155392152627f8c2a4d609d54a25136c6e438d2d9c54670b38355490cc9950e32a85aad52ad54dadaed57bd658fdd81a5bba60893dfef8936a7a195586e1db9403303a421254857dc0e036d111948e2696eda7dfa02a1148483921022821fde053483b80f2d2ab7ff420ad3cabca2704e9e761553d6fbffb8ea77cf7245bb74b358e47351861658c04f5f8a90466189dd95b26e758e7b1fb14a596dd520ea51726ef500fe060002c2c81f36570f220e13c54940338b88cd5818397c81001049743505c73c8aeb8f6b05d79dd55be1a9c955591f59b910bd685cb7a3ff8e0c376f38db7f8a525e6cb1836a9b2a8afaa54a396fbf244d6b1622c5115524eb31a7bb22069547a9950906f65aa72aa324709a42aaf500ae2e355fd245b7589bc4a61beaf3e1b23afc2405a5e4a9215ab54ae2d1bed4b186b04d7e88c540f56b34d1f5fe1d134a6c8e649655854cd9980d3f5795aaaabf559aaac5e6a575f31ce55af4aa966c7f69df6eaabafdbbf44c9777fff977df1b7efdac1f8f6dfc0f20f5538ffd27d7894c8d8c97f84e4fb1fed73a5ac4ffff66d3b244043b84ff9fcf3f6a1fc3093cce8ec5bef038a52cf3befda1b6fbfe3cb27596f4b0a6a5715290c6988aae7834f3ef6b5b323f12440b2651b40ac734800843915ccaa97bd6d8b819857f90990931c90bd1d96189e7df699befc8d60291c80fc2738b8bce6a12bf885048121d5b8eafaab3dc2e9025c980540c2a52e81840bf63ef2c863f6f0830fd979679d6d7367ca0c56c99cca234c51a320ed8d5422eac1a80ade04ef41605a81a4444014272579299c3f32dee2fb44d9c8be51be728d65028cb0b20a8d7525ecb3282973e4482bcd54f92c3f5395a7d23967944332b55a9ea3b2c4aaf3323cb54d93ea4cd116401d107d96bab24a5791a251795637aed62e38ef427bffcf1f3a205f7dab8a054898b31128dffc8b94f2838302247ffbe74f3ee4ffa49c0e907cf275444d0224f8948ea3b261d9410085115a56be010a2be122a0bce17010280c7e85b1948f3efd8b2f838c4d88ff392404a9c6e168ab647c0c841155a9484705395d06952500280860b0ec8d0806d597c65d1a59f54429457ef3b596575de9eb2f1d08a9c7d5375c63d7de745dfb49485cfa09250917a3bbe1c65bfd7aa940f2e4e34fd8d587aff093c4abca475b837a302be359ac5c2b30181a4755286fa9606a0bf2da0d6d951482f297013106d6006444ef3e3ee49e18136323070cb011fdfaf9082d313c2aca86f4ee6d59cac9405237bac8c6b23eb630db9ac64aa5aa465b5d51b67b2100c12c93f21a6498eb94e28064524d9d951648e554e55c71f81afbfc8bbf46d6927caf465730364200c5573f7ed70e0a01144002184480e4ab1ffe6e5f7cf7434449fe1a31b10012bc0ac3f8ff091486f1991c7ce7cf82a50d1414e5cd77585fab52b92d30b694c79f7cfe99b7c908d2cda6ad5210454833619ca423206e4edb542400b27fdfe976560740184ef74b29b5a5171f086b5b9f00208c9832dc0b08111822a7325e73a3aa979b0123724e098070413920e1d29677dc79afdd73ef839e6e1e78e021a59c9b6cc7f15b6d424db5d5ca2b4c9d5067cde3c63920e30a0a1c1286ca59b35aa734c2f808e9853112d6afe6c6c55be6b0e1961a33d8e205c6e05ebd7c7e264032a2df001bd6b79f0dedd3c741c995ba3044cfe919f502737c499e35549458f358a5b23152acd1c55ecd308ec2282d8030025c2b489ac64fb0f2e232ab96273973ffb97e72d60f32aea1a1bf13301d21f9faefdfbbaa00092926a49c9fa9c98fff685793cfbef9ee6790b8a2b42d3120e5749c140c4b0e5880cd5adab7de8da49eb7df97a97dfb4f5efd10f814cae3cfbefad2dbc4210967ebe13f828a84391aaf64dace850943ecc18300c8b91d00f9a9b48dac9544419872eef81b33542c2845b8889c2fd4152428091f88f04ae60e16f5467eaee3befb1fb6871f79c2eebfff41bbe79efbecdebbef71059b32a9d1c6ab61189a6fac12246a1c56c733efc2ea787a7fad6e3374ce1670185e7748944ad2870df3b918d4223289c792c5a13e91c73e6a923274a815092ce6766635d4aba41590d552a631c536b15cef5d5a68d5b9d93e120b8cfe7f1455059199e071e51556945b68e3c60992b3ce530ffec0beffa7a0f887528e40f9b66d9415203a2a06c635185b6e075fe2b7fffecf76505c51da3c099038286d33c7018e8e90b8a27cf851bb9a1040f2964c2a8a022ca41c4ae32f94ba5850dd0e092be1010405e908082af27f07c922173b0190a01eccb784d2164018ce0d0ae2631d57ca77a85209900048b8c2a0c3d1a6240497ad8cfc7a54e46ac8a8c8fd0f3ce280a0248f3df2a85ff9706ad364ab53ef9e80115585335e325fadc6aa120cccc910184e1a8ea17786e159f09c2f5fc2cc2df3380eca60960f0cf21962e0c8945fc94ed0731293ad2035dd8d2cefcbb54e9804a4d29950566875a5050e4b554e8e03e8ff83282cf6532ff2e47db2991a2828b6152b56d9830f3d665f7ef3bdabc7b75293bfaa16fe46fb347c00c2d389d4e39760740c2001b08e9074040548483580f14b48829200490820f9d37bef7a000a9030dff3b5de8fa58f0e4930a8018e5dbf98b565702c4cce7196170364e1c7fcb802a25f944de6b4a3077140dae0a08465ac838bdf52ad70996d2e8acbc55d22a9e566bbf1b69b7c1d26818a70f211574c2680055080e4d1471fb7679f7ece0e5c7c89b54c9bae9433dec72058254f54098a92ac513e853f3a2bd32ae54958055f28639a9798e8a983c0988e8a4b7020fc74096d9929464558178212d0d86ccb0501a094668ff2eaa7aa30d7c616e559cd68a532a51d2608512e260d478f1a65150585569e5f64d969a32c392ec96ac6d5d905171eb08f3ffbd27e14143430f1d977dfdbe7dfff04045b00093e84db1d23284d80837003fb0b48586210fc48c7f825246c519500095b2009d5ce37fa1c9ca6319cc1b46050dbc740da0009aa11ce38a782a1b40510d6750008277133e6e1e31e1d01c1830810ff19b3abc2e52439cb2c020980442e13c5056d6fb65beebcd517ee46e21ebf847680846badfb05faef7bc02179f10f2fd975026ee1fc050e09925e5158a25083e617585e6a9a2f68a6c1685400c9516f20c5a01e542f044a91979ceab00046897a7e69960c6a992a95f175c6ba909a925287c4d78d005972a21567a65b79ae60c8cf6e03a6c0ca72b27ca57d4e728a95e64ac9e449f2b3f2fc7af62c5de417b97e509a61251a8d4cba0090affe1e518f000123aa44f0221d8d2bf7f158f02221002494c20112d20d9ea4232c1d2109807006614748483bc1bc7eabffc7dad8610ca6717230011c1d7d0780f8f8c7d991dfe8ed38728aef000ad24a30a8ee3fdad6483208031804e985b23672cd51d24c4445287123a72ade66b7dd7d7b64b1aec74fbfb1cb596a5c6afb81471e17244a358f3f6d2fbef8b2dd7beffdb6f3845d6e080b73d5ab2baaac38375f954481e50a922c1a53a98593b3685c161751ce866d466cac43e26064283565e55a951a776c5ea155e4155865bebc06e6b3b4dcc129c1cb08b6cc78bd47429c1564a89cce4a53799b6a65f224ac6e634d0bff9be594cc2d15e715f98f1b2c5fb6da9e7bfe255fb6f89d0248884fbffdced30dc084f4110022a504eff1cd3fffedfb3ce6ea414a916a0005256f47e31a20c1b80248182f098127e18c410021d87ff7034cec3b0e09f1da5b6f7acaf941ea46a77548508d8ebee3a7b997c8c9c30110464e596a1f8c69084009256e589e0f24c0c17847444528716f947a0007d75bbf5d80441483d5dc77dd7fb7afece69c112089a49b078cf35f39f3edbe871e755ff2e453cfd90b2fbc644f3df58c9d77cef956ab12333325c37f4860b41a165058a95698394a6927db4f9560bc8393adf01df80ff6c3c957a848566cbce5c6339a9a6605fcd489d20fe7de103cce22a6dca4145feac832464ef2ca888bd57bcbb3a4a73a88a923a5522aad8be57b581095c1422801c2cfa39c78d21e35c8277e8ae7b77f97499569f58ae65fff7625097000408084e7840020ee23784e98b30970b00de173396dea11c04041da55e4a38fda95044082926058839a7484a45d4900a3a32965581ddf01184ccca11e0110f71d070efa2f6486080a021c2c56098362542ea4122f73556fb38f6ab4c79d77da6df7dce52ba4587b19d65f8613a2ef7ef0413f430d48b89cd4a38f3de5f1c8c34fd84b2fbe6ab7dd7a97b5b6ccb49c8c6c2bc92fb612f5dc527988bc34f57af56856acb106353e3ada4b594ada8ee32004463571608c250f1a626943865b4acc508bef1f6323fa50060fd0eb06fa6af891d1837c6debc01edd6d60af1e163b688065242875a5a7587e469a654a45586f8b826424a559626c822527a659795995ffbedf372a693831eb8bbf7ddf0ec2d7ff903afc28bfd1a618c1ab0420c26dd24b0088f4d2111294237892a02c1d2b9b8e9010a1bae918a808a56f80244c04fe2833dd0e49482b3fa947c4980638508e10ae1c975ee653f894b5ee3b482d6d63202ca20508c00012ce20a36201908829bdbd3d6ebdfb4ebbfddebb7f0609cbe9c22f6fdff3d043f6d0139c20cde298a7eda9a79ff70ae1be7b1fb2375e7fdb9e7ce2595bb5729d95169659de28d698e4ab910a7c61f4287ed34680a40c1fe1600008113770a01b54827297c5d000420008913c488f2b126378ce708784736b5865cfa91940c2998089c3060b14298efe4f49b67c4b76ae9f669125c3caefe9a4266718573dbaf3aefb5d4500e5ebef22503008868a7c87a2482d427a09c000047084681f5dd5eb8021a49ba020ec774c370114c0601bfc898f9dfc4569472a12a96c188165f43502c93b7fe69ce49f433234768475f299dab6c9b8604afd1aee82222847080009d7410f550ba56d180361cd47b88c536460ecc648e572bb54e48e5bdca0de72d76d76c77d770982fbecbe47dae09082a022be4057b7493df73efcb03df8f8e302848bbbb040e6395795471f7bda5e7fe31d7beed997ecf4bd67dac49a7acb48cef4b4932b5521dd10e923e35c01c25a57520da92754352c64e674889cb844cb199960d90ad24e4152ba528fde438a909d9062797adf02353ceac429149c933378809429babf8d181ced69a680d4a2e70e8b1e62d9e939fecb5c99e9d9367bd67ca5c9471d92bf7d27857048fea5469739954a00c597dfe347500dd20cfee35f7e1bf5700fd2068903a26d80a13dbdb4a94a509350020748d80f23b0ee51da2e7df15319cce8ebdbbec59f907afe8f9270f9ed10fc366c286d510d37a70283b4c2af6f3330c64ab110c01200e177778104d5201888216e1514049010b7caa4def5e05d76ef23f77adcf700c12f49459484f045ba8f3ce211cea0e7a2745cea92736a9f7ee6057bf18557a52a0ffba51e1263935ce2493b5c1a02350190110322ca010c98564c2c863594bdf88e02a94e7e822a1d05bea438759415a5643a20e923e22d3b31d541c94b4bf7738d13860fb7e131031d1282ab0cb03a3f51cf4d51c99b343259f0c45a8a609bdc344deaf7b8cffcaaddedd3afd4d08a2fbefbd10d29e90338022400f2f58fff14183ff8630012b6011880f0b4d2665a3b46f024c010a21d0ea59e5f5637c1b8a2226cff13243e4e127e38380012d24af01e1de1a09c453d427879ab94c3d2c2f0db2cae1e82c3530a4bf6efb9c3ab975beed67d8adbefbbddee79f86e8f3b1fb8d3ee7ff03e5f8c1b540440384f84540324a8c9fd8f3e6a4f3df7827121182079e6d917ed8d37dfb5679e7ec1d6aede60f19cb49d90e6571aa004e56c3e3c04a76b020830004500031509570dc8183a221243465ae650164fc7c99f70c2d530f9962116a74820f50c8b550c374e481f1113e3a0a0242305614cbf017edae728c13452efd1b747948d181a6f1563aafd37883ffbfcaf2691b0bf7eff0f87e4dbbfffdb1742030aea011840c21680fef2d7887204150114c2d34e1b2021ed84f84f90b01f7c097e24ccdd100192f73e64f435926a80e497e9c627f8f86990c8a098e0b8f862fff5079f946bfbdd7e5ff8a320bd84310f2a97c868e9cd0e09bfe9cf2018d54bf02200c23f011002050110d4e3c12754d63e2ea3fae0dd0e862fc21524a41c4e227afce967ecd1a79fb6fb55fa3e2a05794869860bd3bdfed67bf6d2cbafdb7befebcb296ebce1363f7b3f212ed9f2b30a3cedc40da53123e7e0e0235247c4b603f14b3f82698d8b1ae031b28f1a1dc3da0b0fd3df4d6be4721343fcc42fd42296cb50286d054886ab621a2ef31b2bef3258cf0db0c6440fb5218394da32f3fc778649395f7ff363649ce49b1f1c16465da972427a413d00842d900005fe84edc75ffdd53ef85c3ee38b36c3da369e12d24ef027bf34aec0817a00480025a21e3fc10218a104069450ddfc0c12462f2fbde4801d3cc0ef9e4482df913974e8905f38a6a3492500243208f6d32f5b33de41554279cb6d80a1b425edb00d69e4be87ef57c3cb873c748fddfdc03dbecffd5cbd0730b8ba8f5f52e1c967ec71a596675ffca3bdf0c737ecb9975eb5471e7fc6ee7de071bbfbee87ed9557fe642fbffc969d7cca5e4b4d1965ddbbf5b19123122c5da9825fece484727a786cb41a54a0907638598b6d644e66b8a57222971e8f8f5243f7ec6783bbf7f118da33ca2b9b3819d644357efbc95e0306b59f3e1a33201283784fa9cce07e836d80208be92ff062936dd8e09136204a0a149f6e959575b661c376ff89d84fbef8c6c48afde9834feda1279fb7479f79d1defdf033fbec6ba5132a1f0184a27cf2f537f6e7cfbe74eff2976f04828271952f7e50a9fc8352ce77dfd8272887a060c57c18ca0fd07cf0c5e75eee3a146d808445482c40e2d40b56abf98224c18192842d4a0224dfebfd1892f0f5240190cb0f5e66872e53497b79240224f88d6bae55c522830a2440107e178e7d60895ce1387239ec3010162e7b8009451ddacf74171c77cab83236426a010e20c17770251fe0201e5335f3c893cffacfbd5f72f9d576f29efdb669eb2e5bb7ee785562e7c9645f62b3672fb6fefd62eca8238fb3e1c3e2fd675ae34726599ca43f4e20d0f3c389e200824f414548391855c648482d543349eafd09aa624255933a5c294a1e235cd202c5e04474e088ee17e5d73fe9c789e20224bacf208bead95fa044b7011263bd7a0eb0c4840ccbc8c8b7b2b26a5bb864b55d74f04af9b307ec92c3d7dafae377d9ae53f7db33f2565f7ff74f5799bffdf04f9fdb21ed7cf885520a9028ed30844fb94c45f4f98f3fda477f131c5f29957cf985ab0823b300128c2c81a210284a44595857c29a12c1a060df174e4b49828ab00d9e8471123ab843826a0005405c79a54ad9abaef22d23a794b66c19ff001622b2d6e30edf9282008491512021b8ae17d7f462ace3c9679ff3513b80a104660b34c0013491eda36e4e29731986bfefe1c7edf9975fb32754bd5cad74b27cf5162baf9a68e9a38a2cafb0c24a4ac6a9774eb471e3eaada8a8c2a2fac65897e37a5adc8824076468b47af680183ff39f9e8f02a0289c07ccf9bc0c8af9d97eaa588ad2b3ac2095b3fe22d50c9123a39a25d38a61cd4d4e77638ac7419978cf18c136507e0740fa74ef6dfd7af4b341fa0cd102034806099aee5d7a5bcf1efd2d3fafd48a8b2b2d3131d31253b2aca86cac4d9c34c36a264cb1fce22a9b397799dd7cdbbdf6d997dff9bcce5fbefcd6958699e2cffffa9da7a1cfbec1977c2720beb6f73fff42ea212f22685017f60104e578133f4123e32dfef249bb370917cba1eae176000545611f4f02200192b0bee4679004c5000c7e1193b8faeac8d9e504a070c639950bde23c040a022a807f32d6c0980414d4839280490305114d20e678e851383c225284933780ecadc479f7ace9efec3cb1140d66cb2a2d26a8b1e92604386ab614bc60a8e46f5ccf1969d5decbd74e89078ebdd6ba07b80816aa0febd07a8c1067939ea9789e81fed907099094eff04121f42170094b64042f5e290e83ec26f6bcb754f1873f1ab16c8d7a0261d2189ead9d7fa76eb6b43070820fd7f40e9d76b801d775457ebdf77b0d58e9f640df5536dd4a8421b3932d5e293322d35a3c092d2f22c4dd003ccf69d7becf6bb1eb467fff0aa778c57de78d7defb48d5c85fbe72505018bc0b7ee53355387fe3da26fffab79425322047d5f3a78f3eb4b7d4d89c87838ab0453ddca82a42ea21ed00068010a41f20018e101d2169f724f80d666cd9b64fe76b0b20e10227048b93c3157250162e5780e1041006c0c25c0b60d0f8280920b10504520911ae4bcaf3500fc060fbc4d37fb0e75ef8a37cc86baa881eb2ad27ecb1d28a3af5b871969e35da46e58cb6acdc52cbc929753519adfb0bf32b2c7658927a6e5febdab9b71d774c77355c3f35d87099c838571440e17214280ade02434bfac0dc723502d28a572ef21e6c510ec07038129254d626f820d908195dd20d800ce84bba891290fdacbfd20c298740557a0b9aaefa1c31038759fdc4c9d63cb9559fb9c4929373acbcbcd64a4b6b5c154bca6a6c6ccd249b3a75ae6d3efe643bffa2c376e9e5d7d92507aff1b8ecf00d76d5f5b72a3d3fa6d4fb82bdfad6fbf6913ccdfb82e7695579cfbdf2a6834385f4de5f3eb3b73ffa2432e0f6a53cc95f3eb7f73ffe547e2752d1b074b1dda3b41957d2ccfb820b3030aec1978499603c497b09ec958b4a5ca27d6110b00804ce2e0f01209c4c1cae90c36d4e300e3f7c4c8a414130b604661640c2b547799c002a66759f7efe45fbc3cbac5d7845cfbbdf0e5c76a55d78c9e576e0d03576eabe736dea8c0596a25e97995366a999c596acde37222edd060c1861438726598ec0292eacb2f8d85487e4e8df77b5638fea6e03fb0ef29413278f12a38aa37fafc885672853b962110130ed6948d00000f7934e1c24a9069ec6ef570c1d38c85f3fa0775f8bead5db0325019241fa7f51dda3acd771bdacc7b13d1c92be82056f52595e6de3c735c85c675b7262b6d5d54db1aaaa7a8b8d956ae5963930dc9e366d9ecced0ea9ca69b67cd5669bda32df2636b6585dfd349bd030dd162c5d6da79f79915d7fcb5d76e99537da969dbbedb4b32eb2a7d5a1be516aa234fef8abbf39241f7f2e25f954a946c697fdcf64825115aa1c0f95be61a43500021841493a1a5720f1a5023e9ddfa624ee39ae67857ae4426c80806270da5fb84401679f7386178fb32c805fa8e4572bcf3cff7cdb7dc619b66ccd1a5bb26a959d77d1015708224cf733624aa01ac43df73f22d77f97c3b161f30e9bb770850cde5a6b9e36d732b24badffa0781b3622dda263126dc4c84ccbcdafb4b4b4421b362cd532d20a2c7b548925c6655adfeed1d6ed985ed6ab8b7ab87c01e314a49c81aa52425089d0d84355b550aec6f48bf62d600ce5ba237a8ce7a03ad1fdfabb62f4efd3d723a4163c48ef6ebd3cd8efdba38f0d507ae9767437eb7264178704033b442a429553945f6ab959c53662387e29c32ac74cb03165b5d63f6a980dec2f431c976599e985565050e169b4b979b62b4b4d4d93e5ebbba66796584e9e1e1bdf6433662fb355ebb6d9ba4d27da9c052b6df1f24db6efec4b64ee9fb7d7fef49ec0f85a60a844fe523e455512a9ea1399df3f7ff299bdf9ee9f7dd17364b92246f52748000450822f011216457ff7f71f7f5212c0a06a0116ce7571df71d32d7e9d0a94033880846b5770dbd5433e83493dae40b46ed366878258bc72a5354d9f6e0d53f845cbfdee3398c1e5e7d7190c7be5f5b7ec99e75f76382ebdfc2af59c536cd9ca758263994d993ec766cc5a68b364e690e2a88123ad67dfa13674789a45f58fb57e03e425b2cb94df475b4242b6e50aa2f4d47cf5f444ebdd7580753fb6b7f5e9d6df7b71673518a00c1e30c453ce2001010083550e034634e0f41108daf6edd9cb5347bb19edd1d37a779722fc32dae0e8d5b5677b382c5dfbd871bf3fceba93eaa428f8929143e32d23799495089202a54852628cbe0fa0e4e796db20ed77ef3a50db788b8ba522cb10f8c9ea00f9ae360d0d2d4aa9359695556aa5e5136c5c4db39557d4dbb8da29b664c566dbb8f5145bb87483b5cc5a6a5bb6efb64b552d5105de789b7cdfc34fb641f3a543f3f1e75fdb3b1f7c2c10fe2c0854d17c1c99e4eba8220043fa0112c6493aae27714838e1e95a95b85753e24a4d8281c5bcfa6fff7798e0e36761b942006a828a9cb8fb145bba7295354d9b61b3e62fb265abd7f976e5ba8dc66fbce037ee7bf031bbfbbe87edd1279eb5871e7dca0e1ebad6b6edd86d33672e94dc8e93ec8ed601a9f2ca65c6acc5b668c9062b2caeb61ebd065baf3e432d35bdc81293f39466465aefde432c269a19d65c2b2aa8b4d2926aa58654eb72542f3bea379d5d497a48f6bb77ee29032945909a90128292a010dc4601da4390f456f4121c444f01d1bd6b37ebd6a5ab47cf2e3d1c88a022dcee715c77df721bf5e82aa38a818d968a315692969861a30bcaac30a7d8f247295526645aef1ed116dd7f848d9272a07eec0f8d49b011c352ac4faf183bf6e83e163d20ce4a8aaa6d62dd7455700d962715292c503537b6c96a27f09bccabd506bb6ddd86135519adb4faa6d9d63a67a98059e79552ebdcc5b66dd71ebbe2da9bedaefb1fb5071f7bca5e7bf35dfb501ee573a51d2e341cae424df8bee0e06c3de25d528ec0e184ad1fa4245c12cb4fce3a78e032553757dae5070fd979e75d609ca2c98f0ef28388fcbe0cbf79c7af54ce9a33dbea1b1b8cdffd456530b6fcaae48e9376dba4a9ca9f8d936dcec225faa00b6cd1f2552a8faf1195efd8e34f3d6fd7de70ab9dbeff5c5bbd6eb3f2ec144bcbcc9791cb6aaf50860d4bb45eaa06720bc658ddc41697590041415092fe03e3ac5bb781d6558ad1b3fb201dd8342b1b5d6335e32659b6fc4a7f0145ba89ea31d0e5be4f77a5084142c392261c1429859b4e2908b7fbc9ab3830528f107de43542008e076ad1965ad8768404780004152148392849c5e82aab1fdf68b9fa9e39e905969194ed5044f51eec80a426e5d8a001b1d6a7e7201bd06fb8fef7608bea334c8a324ae96882d58d9f6aa3478fb74c1d87ac516536b6aac90159b36ea7cd5bb0d6aaf57879659355d7b6d884c6566b9e3ecfa6b52e544a5ae2c02c5db5c156addf6a5b779ce2a9fcc9675e70405842c92a79ceb9611134a07cf8f147f61ee52faa2250de9092bcfee61bf67755375ca9313139c93a71461cbf21b772e9325bae58b460a14d6d9ea20f5a6bd5d5d5565b3b411f58e631355df57eb2f1b3eba4248ceef65d27facf872d5db5ceb69fb8dbf69f7ba19db277bfeddabdd7ce3ce742ff8027ec3ad5162d5da3bcda68195985329d095204f5aa68f52a9586595945d6bfff50ebd76f9897b6f52a0b1353722c6688e437a3d886c76658efbec3ac67cf188b8a1aae8693e11c9eea804c6a98616354220f1b1c6f5d8eede5d14d4ad2ab87cc63effed6a35b4fa9821ab55b7757091abf231444943c47c7db0192bebda33c3a0202143d8ed37b760614a94e975e7aac9f5733c72ae5a062f1c313ada6b2d69aeba7db587d9f51e9f996149f612386262ae58cb094c45196a3ea66d080e1aac67aba3f218065e4883429e458abaa68684f3779b995aa925a6dfec20d3665da622b28d27b665748796bd5a9aaadb8acce1a26cf768f421a5abb7197ab4a43538bc7c2252b6ddf59e7bb37fc40fe84cb9473be0da00425e1e4f05755d100ca3b4a3ddcfe51c6958ce1e70237d737fa99fa2cd8292b2eb1d2a26219c22c4b4b4955ce4ff31556c011a752302929c5d6ac5defeb4df130a79c26d539f35c3b7ccd0dca8777d939171eb08dc7efb0759bb7c9a5afb7a62933e42fc659417185cabe021b3a224930a85a10289999053e1806287dfa0cb2f8f84c376e53d42b868f4c7348f20bc75a524abeab4a2fa9c5c081ea7d9266f2786dcd64c9f25499c372c9769c1ff0a37ed759b22d03d98d86eedb0649b7f60016d249482d44bb62fc227af510140a9484880022c51020dd8e8d6c09c645bac8b892e25091b86109969d9e6be354ee4e92bf0008201e393cd90129cc2bb312a55680a16c1f2c730e203dbb0f745832d38bada27ca28ecd3837e939d9636cdcd8c956356e8a25a7165b5c429e83022471898596905c68e3a5be4b576e7540162ddba8ca70910069b5c6c9336cf6bca5b660f10adbbd779f3dfae4334a3b7ff51f4188ccdb7c686fbdfd274f2fa807c0a02adcfeee87efbd5019ce7a12a6bf4bf2f2ac2c2fdf3293f545e2e22c2b3dcdaf70382a23d317f3262524cb8117c94394db8e9d27fb5ad35b0505bf777bef438fd99537dc663bf7ecb386a9332dbb4066ab72bc52d04c8f315575fa42e5ae18a495eeddfbf908e48409cd3268d3742072a512036ce4c87429d724abaa6eb4c1327a03a2e32d3e31c7ab9a633a47d9d147ab417bc7a8e1a22d7644b2958f167c3285c3f59e8cba7655af3e4e8dd6b58bc01024ddbbf7548aeae64a8132f4ead9dd7a7497c7e8dac5a387fc06c17eaf6e5ddd9c625a8371058a9052d8a21aa847d7e3f43f14ddf47f8863a86aba4659bf3e314a1f03bd1c67202d2d39db4a8bab940e0b956a86d9f02171ba4f6656c76274d118811dabd7f5b1984132e5514a975d940265d4298d6b6b9bad58be6c842abbb8841c4b4852f93f32dba3740c69a6559daec24626143824a49e86a679565b2f659597c1ecd64e9c6a33e72cb6956b36dbdc054b6db6bc229dfac9a79eb12fbf12289f7d61afbdfea6a71852ce5f3efbd43d098af2caab7fb46fbfffce1791a5a4a55aa70cd5c12cc1e3daecbe883829d97233e4c24765fb7923acb44a4d4e937fc8f5b473c6beb3fd12d89c5977c9c12becb4fde7d9ec452bac4460a46415587a76a1fcc9d4f6bc38a161aaa799a4a451528b741b3c38cecd2a8030b43e420d3e60c0304b49c9f503c478c8a02109ee4748336c81e4b8e3640ca3473a148c3b20e303fb0d55c34beedb00e9a2c6238e3baeabe238876480cc6a3f552f7dfb480d040a5074eb7cac753db6b3753986ed317e3b024cb7f688a886f61d90487af154d355c658815af59459657ca65777f91c81012c47fdae8b8fd700466a921459b0a01a8306a8521318a9492ae5753c8086d70f50aa255048aa9ea2a22a9b34a9d5aaaa1ae5dbf2e4c9d2d56112e4cb122d336b8c2ac14d367fd166a59af1969a516e45a32748adeb7d5b553dd5264d9e6be3eb746c55114d974f59b17a93d464b1d2f85479967976e659e7d8134f3e6defbcfbbebdf7fe07ae1c40f231d75f53aa0112ae728471a5b24d4a49b64eac04079474e51eae8c5c9a9b67d969693eda98093482247e64820d8e196e25c5e5fa27e72bdd3c6c679d7d812d5eb6da26364db7dc922a4bcb514d5f5ce943cd9b8e3fd9769db2dfe62d5a6df9ea3583744006a9c724246458527286ff0e0c3164a8ca5ca9c8c081c32d3d3d4fa0645b947235d1533db36b0f19d59ed14a3583949206fb201a80642945c5c7267b2f3ee6e8ae7694520c71ccb182a373773be698ce8a63a426ddad4fef9e0e48545fa520edf7ee0e0428893c04d1b9735be8beb6e87eac00d37b753d46b7054b24221ec4e1e8dec71b98005254a07bd7fe9e32ba74ee6b47feae9b8393a0b4c99cd2e0e8e15299feba2fca4762f9ec43078ff0fb50c121ea381c1fbc59924c2edeac4c5e034f12af4a6e888cfac8787552c1b062f52e5bb7718f3cde0ca5711463b695554cd67ead52f512dbbc758fcd9dbfdacac64cb4ca710dee4b6a2736594d5da335a9c058b67ca5ed3975af5fcae3cf1f7c641f7df2b19bd5e0494275f38f7ffdd32f683364d850eb54962dc5e084a5c4042be53a1e9cbb9296eea92737639495978c56cd9f6e4304499368dcb3fb0cf9924d36a9699a644f1f62b2524a4da355d636d9f8c6193ee873fc8ebd3e319791556c7dfa0d5655a283d943bd4d076150f4301b3634ce860e5149db4b07b58b4ca13c495c9c0ec4c85487c24189520f1b30c2150448ba76eda7f718e84a922c55624493d9dfdffee6283be277470b92e3ac2bdea1571fbd67373beaa8a3acb31abf7bb72efa3ff20e517dac7fbfc8af57f4ebddeba7e8298880a99b528b5ed711928e11cc2a9078285510ddbb4549bd7a5be763958af45dd83ffa28bd8f5485f1113e272ac2a41fa6ba9fcae46895c9ac3919d06f90d4ad9fa74f02434f4a1d3122d55584f1a0c4e47cf9824ccbc91b6b13ea67d992a5db6cc9f2ed563761b68332b565b94058e02a3273ce6adbbe63bf2ad1957a7ea57b3ada004f0824535a66dad4692d366bf65c57943fbcf092a719520eea812ff9d33b6f3b344042091c335890a02440c285f84725c4dba8a4042bc84cb782eccc082832b1a9f22df9b905b670e1625ba8fc362a33d7860d8f57299b2bd334d5c68cadb7948c221b119fe5f5fcf1dbf75aebac65dee0003250e924aa6fb47ab4cc996419678fdb2787030a7999c61f1c3352bd5dcf53efe236239534c2314777f703df4def3548551190f0d8d14775b1df1d71b4d24a0f3bf2c8a3e55b8e95e954e3b519561fe7d0169fe1c3e82c648eeaebd3fdfc40414cbf7ec62f59849f3bf1cb8cebbd7a2a5d85d785ea86f7255011d24df026bd556afffe77c7daaf7ff57b3bf618a9540f52db408b1e38d43b039d82e71000318805495291a14362f53c995e291f3f77c25207be3b90f4ef3fdc47951938ccceadb0c2e21af98c069b2aa598397b9555544d96a1ad945f28b182c23acb2fa8b53115cdd63a73b52d5abcd530b979aa9252647c1394ee720bca6c5cf504c131dff8ede225aa5057ad5ae563622fbcf8b2fb9377dffbb33df7fc0bf6d69f54e128157df7fd8f76dbed775a7c428a75e26c36ce502bcc48f733dfb8007f4eaae0c85465939222139b614532b5e3ab6b6dde9cf9d6503f595f7ea4f5eb1f23e394aa745269f1fa20030727595c52ae4d6c986d0b16adb78a8a7af564cacac10e4257b97f825c3d64905eaf929671025c7fbc5484bc0c4c3c9769767a16a01cd7b9970372ec31eac992764022e50009a9e6d863d4d3d5b0471d758c7b111a92b21748ba7426a574f5c60ea3aaac05e17770860e1ce8c122224009c13c4f7fa91150f9d80aa3b38a7e7dfb7b494c798d92605a69608cf25147761628c7484d009965027a9f01432c6e64b28088753802280374dca2070ef1f4ddbb573febaccf4fea4949ced47148b1214312bd8a8b8949b45895ff18d7a494022b96e7009286fad9969951662363b3f5de69362826ddd233540155b7587dc33cab19df6a35b52d32b08daa82aaada4b4d62712274f6eb5a5b207279f74aa9d70c24ebf12e4ba75eb7c2a0645f9f0a34feced77deb3d7df78cb0dedf73ffcd3cf3c4c49cdb44ec5520a82b3d0084c2c67c0f1ab531949495e127372f6cc19b3acb17e926567e5abe70fb3c1ea097189693ee9d62f5a5f6a488a3e509d4d9fb1c4ea1b67792f183428ce21a171c9dfe464241815e92133da5f6e3e2ba3c0d252733c3747cb9b004a5fa59f245540800024280990000f4b03787e9c52132bd28e9117a1818ef8add28b1a0915e9d6a5bb5725a4091481060780a01c04d7870f0b923a46501826f4588fc2d200466bfb470d50a5a4c66e532a54044800e4e8a38ef3e0b3006e6795c8fda206f96fdda0263dbaf78da8683fa984524cbfa8e87648bcc2914fc996e9cfcf2bf154c398d1a041090226d98e3daebf75ef39d8b272c608924556533d45ef9babef9fe59198906f8505355639b6d94b6362c1a28df2256bd46155614e9e632d3317d9a245ab6ce1a2e57e46e1ba751b1c9245fc1ae9ba4d76e9c1c35290f7ecaf7ffbde7f72e50f2fbc2225f98794e46e8b1d99689df259059e90e8bff3429ae1171b325312ddbc56575638200cb4a1222545a3457bb27ab252948c67e6a83c1b162b1fa114d2b7df08d15e6b33662ef311c1912a5d319b517d947f954e460e4f7413c71035e30509c3d32c3d456655fbace0228da01c41415292b37480133cc5a024471da99255b0711f8fa13e4045a3fccf7fffc67ef5bf47b8aa1c2750ba7496a230642ec34939cbac2dbf79137efb86f367f8f50920f1e58d6d0124dc87ba44962a2a6db44df631421b4937bd1c4200e17f91ee000458d8ffdd11c7d891bfefecaa81929076581435a0bf8cb77c182a0224a831aa824fc1c0668dcab7d2d195ae24f82f060e998a00926e3d62da21195f33d512e273f4fa3487253bab5c708db3f4cc32294e912a9b19b663d77edbb8f9147ffeb496459efa172e5cadaaa9c5ff478d520fe704f1f3b48d93a6486156d935d7de281579db2b57ce71fafb3fcc7f5563f09011d68985359c8240e42bb5605ad31313adacb0d866cf68b5f5abd7d88675eb6dfedc05565e3a465297e35f28352dcb460a1894840541713259152adb66cf5a61cd93e7f9bc4342c2284b13088505e53e3e909591e7a51f292637a358e561aef5ed15eda90630820f616d285beec70c1ef97bbc4767c9f60087233d2dd77d096a422fc50f1cf1eba3bcd1184ca301c30869dfee91e057b3a2050b80b0929e5f9f18193dd062957ad8e7172986f68f727850195fcb2a4521fd8489bf5eddbab70122b538e638fdaf081847fefe58dffef637474ad18e7670510e540458f02a7813a041415093d81109ee4bba1c2bc32c852dc81fedeb4f5253f3da7c49acd24e9c0f24322dc1a01a23afd5d593bd03f6ebcb08ad2ac5ec32cb482fd1fbab134a595a672db71376eeb3134f3edbd6aedfa90e3b45ea32ce8a8bc75a7e3ecfcd517b940a94895e884c6a9a6ad35b66d9f6134eb45b6ebdd355e4a5975f7325b9f3aefbd4c6495292f4517e9233a747a6734e4a6aba0029b4fada3a6b9d36dd16cc9b6fad2d336cbacaa7c97a537e7c10591cae2f897965a515937355e39a6ccab4053677ce2a9b3e6d918dd36d3e18a9810350905be2630451bd31af92e211e992dafe76e411aa24a4164081df000c4a42d20fca112a07d20ea9681423b585637c0b28e4ffdffcfa481f6d65d1116531a980f91b0c27b3bdac030110fffd1a791320093f5312825fd21a2a53cb2f5ba02641511c929e024e80743f0e0023801c73d4b176d4ef8f6e4f756c09548434888200061e0568b88d41255547f5a54aa3c28bf534cc31292a2cb3c94d33ac50df6df0e048aa61300d48582a012463c74eb2f2f209ee55faf41a62b1c3d5c105099510e989148f1f5cb5865f8ddf2b45d9a74262ba77607c0ea92c233dcfff5779d958076572738b4d993ac34dedb6edbb1c14d404482e3f749525a9b2ed94a93f447aa2de2029c5ca8b4a6cdae4669b31759ad555d7f8298be9a91992a90a9bd438c5a64e69b5b155b54e645676814fca5166516ef181a634cfd73f9fa2d71446869be523c8cf2c2fa48c061096190e881aa60695e1fc5d17975b52112ac301ebdb6b80f5ee11f131985d1ee73ede233fa7d817f3e46517f9780380fdf637c7e8bda42247c9c8326daf729545405182244615448cbc4480031006f7e9dd7eb9ab70292cb680e3abeadb520f8a0224513d7ab9b76100ee67801c71a41d29307e27480094d4c167e0f30e964f631496529839254a5fbe375b94237ac0601ba8740350a82129b4aab24e0a5c2ad32a633f70848f3cb3448251676685ebeb67f8c45f5c5c865e1feb4b0c58ccc45c16e32bac7c6b6868f5983173a92d5dbed9162e5eefe615401c92b402ef609919f956528ce19d20b35b6f1595355635b6d6d6acdde803a59c5076d7ddf74794243b35db4f2ae214492e97c0cf6ee04326d48cf7ca26267ab00d1b32dc0d2b3fec33a16e523b2469a959a23ac5bf10b4a226486249f178974226e348111c04c60408c6083858ccb5743e5a55481735584cac25c5a7c9afa4fb63983960219063569f133c46ca02929c51056ef88010cfc23c08ef07244cb8313bdb538045a95cedafb235469e029500142019267f021c04e7081380c2b93a044a426aa2d2a12c761539e65807e4e8238ff93f90003470743eba9b030e243dbbf5d37d03058fcae736e803f8bd7b462a25fc0a6a83171b5d52e54ae293a05143acbfde8311e7d8b851f213b36ce6ccc536664c9d656414fa5a9abc5c95c85945eee918adcecf1fe3c5024b256b6aa7baa22c58b4cef7b3b24a2c3dbdc0977cb2588bc22037a744a573b5d54d98246f32d581993aadd52ebce852af6e1e78f051658c7895c03ad89cd854ac1452c56a6ea513caddbc9c7c1b312cd60673f2747c8a4352905fe2f92c37a748529fa1f430c207c9ba7451cf888e77ca27d4b5b834b23682caa67f3f7d59b9fa41326cf41e14819ec41c07bd9f03c6d96e19821535093d2df43c7a280738dcc7fc076a828ad028c0d6e55806b674d0bbf757d5d4c7216121d051f2299dd580fd54b2f2b368915ff31494ee4922a7580007571e008c706e8e5f450015e9c9605b6febdd552aa1721a2539eed82eed6a42e07f8e96694545000048001faf051c7c4fa60f788c5418140740000548f02c4c57a022e5e5353efadc4d7031e2cc120ad6c4b21889e17a66bf0be42d5002469e7d69a4da029f86a763049b690e80696d5d644b966c70c0681b56bbb1ec33254965754296bf86b30c9b27b7d8b4a93365130462eb3cdbb4719bbdf3f607f6d0838fcb1fa65827d63c14c92f8c55efe4f76cb97c13273c73b2d3d0c1c3fc9c564e7a4a532426a47a2d4f30f8c3580023a6bd7ae9c04a12194a26d5901b31560c513318866fe8a73c4ca01211efd0cd7effdbc8c165541225415100824039501d0e382071808102485011aa25803bee98de927840e9e56a72dc912a977fa7b423a30b245d7f779c4332500dd24fa5eba09e11df0114c010518e081c2142aaf19f676b8304252130ae1d833113cc329f91efe29e48fb61b2afb71a9ab121be37a908650c901094cb985d1a976989d1a3c7fa64284ad245d0333dc17c160a024039d9ea2032ef5479b4011553cca0e1eee7f072a81013a9a4a4c2c24a9b3b77a5cadd4d0e4a62628e527e820342da21502fb203a6198f32baa4c2ea6a1bedae3befb75b6fb9cbdbbd1333a955636a6d5ab3286a996b634ac7ba77a04c8b1b9924e540d2f2f5c192dd95f7e93dc09501231609dcfa105f0834bab8462ad42cc8ca1c92ce6ac020b501121a9d03896125f028092353bcf18185db0c63a32e042987def9fbdf1ee34a322a3dd721891d96e0cf3df288aeaa6c3a3b70fe9ebf563af8ed71be84f15899485f35a64a077f4263f3dbbefcd66fe4540b16430f720f12f931467eea55e9558ff11cc64afa09aade6dcb0498e8eb2d0fc1d24822aa67bff6efc367047e26fc503757b53675e36c3e8e03137f00c26b5016d49154c3d4c2d14777f70666f904a030b4809a306bce740593a22cabc0e0e3f1e8201c0f3a126b67a8a2e8b45486547d18d5e1c353dc9f6cd8b04b25f05aa5a962f72f2ca1e46c03d24ea4b0289345a8f46d9c2a30c677f6ef3bd70e5e7a8557619dca4ac65af3a419b67cc95a5b347f854f6ff38f238341a90e09652f757d2ff546665c1941a4eec7bd0309e69169eec2fc2a87843511a41a54841e456306a306301ccc7020531233bc3c2e65cd498a3c8e1a1f5521fd000e29870638f288635d5d80045f1200028edffeea5881a2ea025004c93147c83fd068f45c35204b0b4363f752435312f363d09c22c1aa79465e0164e490c8aaf950d15015f561bca5b3d2e23152126d7ba9510185ea0948508da395da083e270ac977c38f10284924dd00d44f9e24280f9dcea717a478ccdda022cc8e730a096ad259555d64963cdbd2bd1d54163382abe3e81d4a693c4ae69c690f820a30326188aa24f9ba9479f356d9ca955b1d1856f455554cf42dbe06054299a87af0384989e9363236c9d6afdb62bb76eed67b8db04ebc60c6f405b674f13ae5a305ca51e3dd9426c4ff945af860504aed4fea880c3df7f7b9863086c1a019eb4eabc73649c68a7c010deb2498266716942f03247c217a12078fc53800525fd7640d13267b999c1897ea700002d000065051e2d27bf0228045a5c301ef72540f878214d3f9f76aa4b02f388e1658c7fcee586f504eda62dca4cbd1c7099eced653cae07339028201338061d57c745f35ae2a19466b510f1618753e521e44ef8332755139db551ea29bd2060b8df80ca411208ec0d2d5414139e804a41abe27a0a028342c80f01aa0a233f650e743498e53b9cf095c353a1e95e326da10a55420e9a6ce162b55a79aa4a7f7549a620e898ee73e4f4a828977d53db6a71f771656333047d53371e2345bbd7aab2d58b0ca2ba051a38a1d10d6d7328889f250f1944ac150137c4ecbf4d9ee5110824e75e39badb1bec5577ab1b0b8bc4c6eb7b6c9c68dad7383ca9740ca429a09834361c28dc12ec633c8754032a1769a558ea9f74134a431314e64eacb02497fa53020611c03296678be7c74954d6e9c6693ea59c555e02987e7a3266c39a840124a4b1ef7a976f9171a080f427a21008405d1be2fa88efccdd17694f23dbd1f4850002039fa88a3d4e0c7fc7c44566696606134261590782e60f01ebf672c465b6e134048848a86c1bcdffeea48fbdd6f8ef520b50009abe6183ca4da61ce2af82e3a0a551fe69f290e2635dddba9c2631df054a57e9659701fbe8fe78c52da47fe5933c3dc119d2e743c3aa203a8e7a22694bb3131f1f221596e7a972e5def2bff5801c80cfbd0c189367c68b27b1b2a1d54a4b2a2d6db1f60aa2ac77b91826a75aaa969f6f594bc19f471b6190b82f87dfdca8a1aff120042906278110346cca530f0c53fa07ca366e764a9a646e6785aad306f8c1a536aa4f003a3de12596fda5be523bdaeabf7b2e282329b582bc33c7682ab086a41af209df0c5e91d408234739be7a024a4257f4c90000669c64360a0204149f032f4dc8e1373184dff0c2a657d12b05b775feec872453e63d7e3588e1859a60810471fa19257ef43794d1a7315d1f7670ba87892082047bb8a10545cfda4aeb1eaad23d418a808aaca58105e025022a3b209be4c02b3c9f80890b01e9865872cd8f245e20265907c62724aa60fc6f9a4a64c733427990199549eb4ccb10beb53684bcc2b2780712ecf942973bc0ceedb7788cfce3355e2fe25365dd5eb28af9600646cd50407860150520f59a3536969add7cfacfa628a9adc37462987b190e2a2729549d90e0a8a0224d00f248c7f30e2c99b53a7b35f5e3ade172793c292e5a03928d0cd81fcfd118c2ba827aa8138a0f4bca8de837c95d6b8ca5a2b2ba9f414020c7c6120e036079346c0e40148b6aa3152116ac27b731a45483928089084c60414d2003dddd54b904460ede5652be31b8c7750d672d0194d651f48c272c5e3e417827200452f55297df4595800ed8ba005206906188199344af0dd501156c78765112c9300741a936a87d44d63b13a6fb854375426853a16d35be75bd39499bebc93455931f206712a47292880847924aa4faecd3262589cbf279f258c580f1912efa7c47276e0dcb9cbbd3aa28d993cc4d49266f0220ce2916e0086f61e5fd3e8836c4c38523d3924d4ccbc296fce0cebc8d8140f6aef9cec425155ec54910b31462c1324f02900c4f3e8117816cea28746fe31a38d3438251f8d4c2fe340120042faa0914931c1b446c63de415743f9050e584fbe87d0cb615e68df633e318e2675c05cf0248fc2f9e071004fb1c34f669c490ae502920e4b1dffefaf776c46f8e74600244416db84d441427b2c09adb9effa3874aaa477a78ba91e2704c48c574288e0d4b04a812188be0d8a1c0987ec0a0a3118c9184217c5e1345f5a80a302d3ddbaad4a3891495a0a8487fbc8700e926c099edee4aa5c6b9c914043af6a113c78e607234d3073af9df35d50d36a971ba5b08d208edcc2c3b6d4d16e0fa2eb4219f353fafd8c5a1acb452e9a646de34db535b277c035451a5207ddc061a6a6f3e38ff1058d8fa1711287c51ea73e488db2cbac1a7f001b9ba0f5bd42398394c2770701b60087a12bd8a2a06c38affa0e1c2082bb24c63f23e3434a9059fc273018bc769f020dd3c0fb571194776f57c600b8f11ec07a08086cf75cc51529dceaca297d16c33840112ee671ff561b4185fc5e02243046cb94d1aa6b101807d8c1e41c35125d000f4481e670e876d8888b753d54459dd561474d7674035185063700d60f023d1fa7f03fcfff5d7f37b3b24bd557db18809c800043069131a9ec283ff8fd2e335b8c2019d38080242c0442d0bc8f2728b240425eae0aa4e6b260aa8069b3a65864fc5b0caaf132f609c0348788330c946af08a52e8d1eea6762c47066302383381c205f42285307303c8fc768885fffcfef5c410228011a1a9d46a3918184940330dc4f43936630a840024cbc0665e0f9543e8cabd083836cf3bf08de93fb010478800d50d867cbfb711f8ff37f783eca813a60003b566061d83c2807838b71b1892eed40129e4be3d2e04115386ee1d8711c385e341e6ac372cb005480840e06289195feba1f35d3ff265d302e42d90b34280901243d0472e7ce2af3d580dc66c90193858c8e72211f862bf80ca40ada835155e6dc6ac73778e54afba134a415e060ed72c59871ae1e13ea1a55d5ccb4450b97a978a9f5055d9d70c200c296d289b296f2967fc007877ef6e9259049ea2105a12a7c61be281e8575143c0f708800c96ffef7f70e080d0d3080422fa67169301a1c234aa3f1180d4aaa412948373c2f000614f812000ae90455e2715705ed733f812211bc9e000cde933405681863fe3fca41d5354c0719082223cd52561a45f7a32040416a61cb6d20021e82b4c13102000218382e4042e7a23168140000061e2338b63c3fac3f0116dee738295717a51416463380c6920c14a417ff4bf074d5e32cf666a926a0907e483923f5d919d702104a643e07edc1100623a94b97acb2258b57fae82a552bc1da92a2424e002b921f29b331e5631d9299ad736dc1fc25ae242856a73042878ae08c43cea457841ec23fe43660401db2346278bcbe941aa8edc0000bcf4779905b643df8011a136842c302040d4463d3e8788da00a18d2604ef1292800f7f31a1a995443daa184e43d793ffe0fe0b10d900450789c4061f030ccfb5051018a1b631d78140185c004120114520a5b000210a009551270796a5243d0b87c7f1a3ea80929805e4b872255a3383cd7538a9ec371051a221c3fb61d95844a1348f024f81540f1738a14f470167d4747c7586cac3e7b42920cb0d457c0b0769641303c050dcff5644fd87ea2eddc71b21a7fa92b4b24d5e4b90f6111594e76817b11d20deb4c9a274ff7fb5c49981422c5f809425d2304127ce1f0c5c341e00b426c4a7286cb5c5864c363e10b0318cfa39168347a77e8d534644750000050687c40a0e1d9475908542640426a6024188868dcf0fe01c4a056c1f3046882cab08f9aa020bc6fa89c58631a7c4750883ebd58a6c84ab428df2780038f828125781dc177460dd8721c8252844e45ba21ed0428389ee1180725e17e8e31dba3795ff921ce20a0daf1d34e58e6a8cfd24d50fa79457c8e6395ba946ea2a2946e6460d972421a4a8392502ad34e11333adea6b06e4451565ae51981312f3a74584649ba2255a50b4aa061ce86c7583bdc29e4461afb7fffe708fb9ffffeadfdea7f7fe7abbdd872fbfffdd7af7d89e07fffbf5feb8bb048a8972f17ecd4e97ffc3116fd84e7e14f78dd7f75fa5ffbdffff75b0fd2ceaffefb08df67fb3ffff51b0f4a611a93460df7d1d000159487c743c98cf9a5c1d9f25ea4323e33fff7bf3afdcab7fffdff7ee3db109df43908f6f94e340cdf1779e733f339f95e7c1f227c4fb6fffb3fbff56d788cfb3b3effd7bffa9ddef7576dc7e157fe5c82db044b1ae9f594acbc8efbc2fbf25ab6dccf6bc3b1efa4fdffd6fd0cd3330a0b34ffa3fff5bf7afeaf548df17f795da74effcffeebbffedb7ef5ab5fd91147e8f3fd8aff1beefb8d5e7fa49f7fc459042c10a753a3307c96f0395951c7e7e073b10f60b42d9f9b2cc16abb4e9dfe9ffd7f57a1c3044dcfddbb0000000049454e44ae426082, '1', '1', '1');
INSERT INTO `usuario` (`documento`, `nombre`, `apellido`, `fechanacimiento`, `idciudad`, `clave`, `email`, `foto`, `face`, `twitter`, `google`) VALUES
('77152460', 'ARCESIO', 'VELEZ', '1967-09-16', 20001, '8cb2237d0679ca88db6464eac60da96345513964', 'nomail@nomail1.com', '', '', '', ''),
('77160971', 'ALBER', 'ROSADO', '1976-03-29', 20001, '8cb2237d0679ca88db6464eac60da96345513964', 'nomail@nomail3.com', '', '', '', ''),
('7716207', 'ALVARO', 'VILLALOBOS ', '1980-01-01', 20001, '8cb2237d0679ca88db6464eac60da96345513964', 'nomail@nomail4.com', '', '', '', '');

--
-- Disparadores `usuario`
--
DROP TRIGGER IF EXISTS `TRG_DEL_USUARIO`;
DELIMITER //
CREATE TRIGGER `TRG_DEL_USUARIO` BEFORE DELETE ON `usuario`
 FOR EACH ROW INSERT INTO test.usuario_his
(documento,
nombre,
apellido,
fechanacimiento,
idciudad,
clave,
email,
foto)
VALUES
(
OLD.documento,
OLD.nombre,
OLD.apellido,
OLD.fechanacimiento,
OLD.idciudad,
OLD.clave,
OLD.email,
OLD.foto
)
//
DELIMITER ;

-- --------------------------------------------------------

--
-- Estructura de tabla para la tabla `usuario_his`
--

CREATE TABLE IF NOT EXISTS `usuario_his` (
  `id_usuario_is` int(11) NOT NULL AUTO_INCREMENT,
  `documento` varchar(20) NOT NULL,
  `nombre` varchar(45) NOT NULL,
  `apellido` varchar(45) NOT NULL,
  `fechanacimiento` date DEFAULT NULL,
  `idciudad` int(11) NOT NULL,
  `clave` varchar(60) NOT NULL,
  `email` varchar(200) NOT NULL,
  `foto` blob NOT NULL,
  PRIMARY KEY (`id_usuario_is`)
) ENGINE=InnoDB  DEFAULT CHARSET=utf8 COMMENT='tabla del historico usuario' AUTO_INCREMENT=3 ;

--
-- Volcado de datos para la tabla `usuario_his`
--

INSERT INTO `usuario_his` (`id_usuario_is`, `documento`, `nombre`, `apellido`, `fechanacimiento`, `idciudad`, `clave`, `email`, `foto`) VALUES
(2, '77153748', 'ALDEMAR', 'PALMERA ', '1980-01-01', 20001, '8cb2237d0679ca88db6464eac60da96345513964', 'nomail@nomail2.com', '');

--
-- Restricciones para tablas volcadas
--

--
-- Filtros para la tabla `ciudad`
--
ALTER TABLE `ciudad`
  ADD CONSTRAINT `fk_ciudad_departamento` FOREIGN KEY (`iddepto`) REFERENCES `departamento` (`iddepto`) ON DELETE NO ACTION ON UPDATE NO ACTION;

--
-- Filtros para la tabla `usuario`
--
ALTER TABLE `usuario`
  ADD CONSTRAINT `fk_usuario_ciudad1` FOREIGN KEY (`idciudad`) REFERENCES `ciudad` (`idciudad`) ON DELETE NO ACTION ON UPDATE NO ACTION;

/*!40101 SET CHARACTER_SET_CLIENT=@OLD_CHARACTER_SET_CLIENT */;
/*!40101 SET CHARACTER_SET_RESULTS=@OLD_CHARACTER_SET_RESULTS */;
/*!40101 SET COLLATION_CONNECTION=@OLD_COLLATION_CONNECTION */;
